"","hyd_var","Alainites muticus","Anacaena globulus","Ancylus fluviatilis","Anisus vortex","Anodonta anatina","Anomalopterygella chauviniana","Atherix ibis","Athripsodes cinereus","Baetis lutheri","Baetis rhodani","Bithynia tentaculata","Brachyptera seticornis","Caenis horaria","Caenis luctuosa","Caenis rivulorum","Cheumatopsyche lepida","Cloeon dipterum","Corbicula fluminea","Cyrnus trimaculatus","Dugesia gonocephala","Dugesia tigrina","Ecclisopteryx dalecarlica","Elmis aenea","Elmis maugetii","Epeorus assimilis","Ephemera vulgata","Ephemerella mucronata","Esolus angustatus","Galba truncatula","Gammarus fossarum","Gammarus roeselii","Gammarus tigrinus","Gerris lacustris","Glossiphonia complanata","Glyphotaelius pellucidus","Gomphus vulgatissimus","Graptodytes pictus","Gyraulus albus","Habrophlebia fusca","Haemopis sanguisuga","Halesus digitatus","Halesus radiatus","Halesus tesselatus","Helobdella stagnalis","Hemiclepsis marginata","Hydraena gracilis","Hydropsyche angustipennis","Hydropsyche instabilis","Hydropsyche siltalai","Hyphydrus ovatus","Ilyocoris cimicoides","Isoperla grammatica","Laccophilus hyalinus","Lepidostoma basale","Limnephilus extricatus","Limnephilus flavicornis","Limnephilus lunatus","Limnius volckmari","Limnodrilus claparedeanus","Lithax obscurus","Lymnaea stagnalis","Lype reducta","Molanna angustata","Musculium lacustre","Nais elinguis","Nemoura cinerea","Neureclipsis bimaculata","Odontocerum albicorne","Oecismus monedula","Paratendipes albimanus","Pisidium nitidum","Pisidium subtruncatum","Planorbarius corneus","Planorbis planorbis","Plea minutissima","Polycentropus flavomaculatus","Potamophylax rotundipennis","Potamothrix hammoniensis","Proasellus coxalis","Procloeon bifidum","Psychomyia pusilla","Rhithrogena semicolorata","Rhyacodrilus coccineus","Rhyacophila evoluta","Stictotarsus duodecimpustulatus","Stylodrilus heringianus","Torleya major","Valvata piscinalis","Velia caprai","Viviparus viviparus"
"dh1","dh1",6.67277047432943,11.3802482769639,2.06482824943547,3.45039575398008,8.44106571525282,1.27711183928902,2.07656837630488,2.85741176345249,1.32369595647583,4.95263762213664,3.95521831741105,3.0134105840537,6.84786005508052,6.70137718737798,2.95804166241423,2.78934097023186,5.0611499769879,15.4046413882478,2.40543329131391,2.73042040487232,7.10702518443991,4.29383048418085,5.1818530197389,1.70496915637794,2.62164504626015,7.80101835171847,4.92451065026988,3.97995552853427,6.80225810988694,2.50195373804594,4.78601308501924,6.13466599628858,15.1368850886839,2.25173811259774,7.79380437728627,9.28265932567227,3.28955782664965,3.56017708726342,4.33265745687437,6.61148671280104,5.8982191452749,4.42082273279767,9.19381310615003,3.57454708724996,2.53237001256766,3.90251246428138,3.51392730878702,2.02341687782914,3.58200000908962,1.55610906022571,6.7361356454364,3.77418334943904,2.28903614057451,1.99013624105589,6.62133340136877,6.17947561043756,7.05982314585842,3.63651436615953,1.99904062390994,11.824258095913,9.49781240700502,6.57934980476228,9.14496376179044,3.08409439104145,2.40392111847092,6.18681610141573,3.07984830132767,2.15239654084159,1.88236356929278,7.8632906613598,11.3820990606248,8.36673196979347,7.15020927889206,5.10651956668375,3.21440621484936,1.65683848711385,4.5144594051452,3.94762352228652,4.26879324746431,9.55615443023863,2.61093814675032,8.07143012291102,3.26577131426334,5.05028072540187,1.57049933306618,2.66454155772464,1.68618988374109,6.69787898984894,5.56004638963516,7.44053052092822
"dh2","dh2",1.74623269602356,2.11206449395663,1.41538808460463,1.64748061724443,1.35749054868528,1.05487984867136,1.07440228929449,1.77090960616088,1.19573374409735,4.98686686376145,5.39300495788354,3.17937406886049,4.99809621993,1.61626915787639,1.1277283435827,2.12917297557137,2.34645926478417,2.38945724493933,1.18096018134727,2.78889398723634,1.19535241633033,0.955314668956491,2.44241637907579,1.77092274275399,1.77065954386423,1.57386237593833,2.42892556929911,1.79775960623554,0.963734192147512,1.38528933560705,2.3003593543553,1.5638836024158,2.46185759639732,1.74084688886045,0.993681523917041,1.09450969741767,1.02953313880516,1.21982298032801,1.48217467998917,1.01358040921992,0.913958552113274,1.30681225334759,0.598148382673648,3.61575521340405,0.375065735905304,2.35865015091399,1.6612123168838,1.86557631752684,1.45108613116223,1.25810403677869,0.729849847306462,1.42411077681883,0.38077145712588,1.61521313716915,1.18648157600143,0.813671683888578,2.24646770837449,2.43938776619337,1.23054498004563,1.21015892621663,1.20469637635198,1.25011513575461,1.40844380560431,3.05373014686278,0.654142092365638,2.10885145035444,3.03674622835321,1.54579821705851,0.97938698869113,2.06820746462387,1.48762840850412,2.14264729248683,2.42332133109084,0.630810090263553,0.704527113552766,1.44331932507188,0.629126542039592,3.01827375969801,3.15252480107,3.49345262697461,2.95776018238058,1.68339249789932,1.07151056635511,2.85805827718655,2.2686421027064,1.52786697259068,1.76210132159793,2.9141544637549,1.25711195464721,1.05172386341124
"dh3","dh3",0.858524660484807,0.960891917271167,1.18046860216304,1.70265618310096,2.14711315045149,2.04289370327499,1.29345626674258,2.05873037241389,0.525907039549425,3.44347740158798,5.22654659032589,2.64715040149737,2.00139235715272,0.942491579547242,1.12444581793198,1.40287753572936,1.15305302890851,1.44259116981691,1.41466664135148,1.65701057097171,0.624811590214335,1.6616578684406,2.44187929312581,2.11395189021028,1.89068338203751,1.95576632570452,1.6668224760866,0.708765800376867,0.732488776229389,1.27418025009226,1.68055944621269,0.862991999897081,2.1325450832175,1.01186358215309,0.593012651058704,0.918072408674429,0.55215056754798,0.539825846607211,0.920603026582244,3.47662743841541,1.0597232410821,1.57466250490744,0.598103420575138,1.33842783435017,0.262136644118878,2.04523326714297,0.742182553336737,0.70551407313905,2.59227390806615,1.24626453407542,0.438585857853915,1.15940693777377,0.415249754179849,1.51622499508931,0.940064057893463,0.847425621210101,3.9911929976291,0.86756586019725,1.49551186698497,0.679452374959034,0.927870768550413,1.78591771159567,0.848617476915141,0.882251853114248,1.43435453194455,0.860623015457284,0.598679708245858,1.67840722395514,0.756850844931895,1.03945245711693,0.648836395963694,0.978660822902499,0.551016939545513,0.414980463282595,0.591448349365874,1.04462777763646,1.34299506576824,1.30451281012676,1.59277871492416,3.16917188483152,1.58079276773789,0.631777905776148,1.01494544731805,1.42933547026912,3.44916771960074,5.1443599643086,1.213502550914,0.68513010678882,0.462983291477177,0.931487931368623
"dh4","dh4",0.486596738071368,1.39689513236919,0.90374971448496,2.34926192364016,0.355899656987767,2.24352321847905,1.13581528658714,1.47708076480898,0.40000481302595,1.39968963444724,0.983115513501561,1.02275583220657,0.885717688314274,0.891828538789312,0.411278153177478,0.373838804659465,0.95700512854135,0.942843974724026,1.17791154907225,1.6575739419204,0.774946745664243,0.726441409488408,1.89193711144218,0.819591740453064,0.912000952833502,0.469854563291813,2.31490451322768,1.43129612049091,0.876971330210022,0.983930337068024,1.322130772353,1.05542442074315,1.18604869844336,1.56801678554874,0.900183231636806,0.503499325726897,0.323761535699227,0.646539996765633,0.748660430838752,0.646243553416453,1.15219400922536,1.70120235595208,2.17248828607078,1.14334050955244,0.517545544950492,1.92796580344512,1.15932136584263,0.887348647967702,1.59034146540921,1.1986471121544,0.426636085886635,0.964875012368638,0.306285978633164,1.53930524432272,0.591134266360952,0.404995892015737,2.19663912417,1.94137471725049,0.998327212254949,0.657048395383035,0.52799267533047,1.09359999504973,0.735938438948198,0.770376419375129,0.637498305553541,0.457157995312211,0.684380334024907,1.56525002055917,0.378962116801058,0.747212033957675,0.585606423401793,1.57271294756422,0.617264071709109,0.373817571542769,0.229028410482448,0.943548319403716,0.465070882315573,1.47780784298951,1.5889528115187,2.3279943131477,1.97825770023409,0.908645875626074,0.697264595960329,0.466472485314645,1.73978039088825,2.63495616301921,2.31135285627722,0.59594753043313,0.697815056367361,0.486548786431861
"dh5","dh5",1.41032710317397,0.481514328220704,0.348811383564807,0.285863946420428,0.525442359769512,1.86696249311889,0.29292036031197,0.382733744462287,0.292784140806536,0.747275111145113,0.498896980001279,0.295009288081294,0.823670026156515,0.239398246718084,0.455878106090046,0.591780020359536,0.670525130987521,0.884624920902017,0.278370939440466,1.34419571587686,0.336899608505871,0.603895047973228,1.47951231975107,0.703555953940876,1.03049688620152,0.241791197941581,0.781331337473154,1.26659901156529,0.548968355245621,0.677874895316296,0.506670046282848,0.469769822268904,0.609689563563967,0.784775468524938,2.12587452786725,0.432273765936586,0.0753742722307864,0.476424605003543,0.370173952366508,0.192909239268102,0.582209511247771,1.63791694373815,0.355153141353874,1.52336588878561,0.0588280300212266,0.55497119475224,0.417295555136545,0.298360387196993,0.883222755736958,0.0598573126814243,0.155065747440644,0.408750680629906,0.264384433472035,0.487033482082302,0.376903021137848,0.164988449975858,1.79328884946604,0.829105512749169,1.36189328068839,0.401482112546798,0.400208556820721,0.696580525951767,0.331706692986966,0.190292047245838,0.233437950205616,0.242755903415969,0.140015953043976,1.15738591186658,0.473631914130921,0.292967329098042,0.238573322164258,0.420364996720683,0.437750110521604,0.264760488493208,0.0585551108247797,0.61901176017353,0.393265593765928,0.338707279252953,1.33468392405938,0.595979335875226,1.40131911244598,1.15336652677834,0.245800674681606,0.0807223501614807,0.296375393409887,0.629739210938154,0.847783584115149,1.28727759676832,0.702383784136808,0.411376593581219
"dl1","dl1",2.00861983818231,4.51769251245835,1.63054453969873,0.364554980949741,2.19557067411217,0.53361303381571,0.602178492438813,0.968054332240633,0.457747573653127,1.81840911595556,0.79799052802184,4.22043457174724,1.24517948844486,1.47591384325296,1.28989200756765,0.74695515729456,2.29333130103409,2.0523631156068,0.88540367246616,0.781377019416931,1.15045563166277,0.653467294456282,2.3313673929097,0.727665528471079,1.21802938356483,1.03821830659237,0.460169766686668,0.15285556121153,4.88490822359435,1.21136153620479,1.22206835044018,1.41498394427382,4.4568633379414,1.25097177792925,4.9364209808647,2.66429875956465,0.562291502730256,1.22573161097574,1.98152982003569,0.820584364718636,4.27939361507105,3.46082452863354,12.1165871845708,0.485433004930448,0.952126562435182,1.23233875642923,1.56353481417061,2.14709906180273,1.13734963620895,0.527232436168634,0.696348515026523,0.770395562467132,0.52029172373363,0.602603052923993,3.54252041628408,0.801732226095176,2.16733830966963,0.817336748799237,1.76378220070931,4.49165711829185,2.46732663862318,1.51413763255391,1.72715280021203,1.57828047870932,1.20495734495904,2.18020612213075,8.34308953509564,0.715479189700236,0.264082561491656,2.00029522037137,2.86019099700349,1.42845331484157,6.39013917670178,2.57866935502959,0.439390297373478,0.850216818440961,0.933122466332837,0.766447593444219,0.967408907755326,1.31184036178759,0.350552234915454,3.09165158200319,1.63522983868352,2.83563632670323,0.594431770798255,1.00309348271319,0.598775200554572,0.738939657517035,1.99666064245888,1.0477609538466
"dl2","dl2",0.939421527227884,1.07561444722523,1.14539692566537,0.734462227898333,1.1639902973605,0.872793254753875,0.415697664309126,0.577531754696609,0.366574833443904,0.820545530589804,0.604176028830475,0.268966250895964,0.678882776035773,0.475448371714038,0.229169109272687,0.218365253967305,0.534626487268767,1.20838390884465,0.97885671990114,0.661224289709598,0.834373263227992,1.052605562767,1.41144708538117,0.488107274623461,0.723369314450937,1.42852264115317,0.744529577006939,3.69378701202171,1.36067046066448,0.945737862331906,0.962453214985727,0.612569790861933,1.10085525161954,0.838481819157924,0.909866201618091,1.66391640322653,0.743753505730157,0.50287560494092,1.25559355334147,0.335046522160142,1.74456287453872,1.52053863762588,1.70551000135304,0.586335365052379,0.419900599562406,1.14847622693841,1.04746113652768,1.09110666413528,0.988041742359216,0.113952466337322,0.43444906104459,0.499383204117804,0.283288777048457,0.481844850034764,0.823446531439103,0.579398739976681,0.620684088412126,2.0354257159147,1.24974266812053,0.322976256104837,1.28305791103616,2.46433370697279,1.32721822176776,2.88116474370237,0.800968388448972,0.802603181770032,1.14773308157487,1.19811001530354,0.9206833478305,2.03805905349285,1.22227268959508,1.2304814612231,7.15861117305395,0.736337506242893,0.346591950413478,0.602330124907788,0.869585101417569,1.13670448469779,0.789102852203269,0.759526153671654,0.583541267483033,0.60465384341372,0.490378571297065,0.774375796643338,0.400656615125001,0.672862127058675,1.57868687160217,0.336396981401146,0.885939594235166,0.288532171366101
"dl3","dl3",0.482851188051274,1.24169907229068,1.53392524344457,0.70523149229286,1.73704287470794,1.04230921533867,0.377774333704124,0.453162745328507,0.321450403498697,0.393598894838649,0.305201649674503,1.03420313140819,0.347793072989038,0.627077522298895,0.0516007940639129,0.127072098922722,0.295943627153291,0.261238883967273,1.10047354311597,0.743089160238512,0.220908930816942,0.493665695391388,1.06363697200643,1.06220935362428,0.941472547945527,0.553691411609129,0.487133469649118,8.21874032567865,0.48003646847668,1.57347356537801,0.953720656162692,0.730276237458863,0.392630340347998,0.760298780260027,2.18288291601219,0.501674856589081,0.360009798604269,0.522712289148057,2.095266396778,0.164989027334592,1.1790845719265,0.657158969473309,0.579558786116362,0.578106978636991,0.616859069272289,1.03474603266884,0.516827499902512,0.603588315666728,1.01710940725292,0.0244911491333622,0.273854952477342,0.384950575372373,0.28415148329161,0.966493393893109,0.497354921300498,0.178100053775054,0.934077803571815,0.84019402402792,0.336705841575113,0.199223501683608,0.710206914720214,2.31077889391768,0.493038400953433,1.30165715150984,0.272659496725522,0.74908722683498,1.18312795103893,0.686879220271317,1.39003877526118,0.437379314074142,0.390698152629603,1.7885896151284,0.879561391005798,0.729077912601734,0.13972846004099,1.39032934479445,1.21797523455495,0.368354200848846,0.583715793702884,0.443742659931064,1.10076946828972,0.527600107008893,0.853914047274552,0.430135058835764,2.63212962099987,1.0462188606182,0.467229306621485,0.0807436553856184,0.618446188396073,0.106608465181031
"dl5","dl5",1.45909181642976,1.42970799661823,3.25335233151433,0.258804131851376,1.30362730200576,0.913681464219467,0.590057669814298,2.53509191522121,1.33543321184283,0.635268071275503,0.724789972674979,0.621971640470049,0.487125359160357,1.03420584165392,0.59660335614418,1.53150091430384,0.617150880430445,0.371226972327749,0.744365710257035,0.646400862392113,2.13967240165534,0.767307038327803,1.37557103845185,0.519765537443163,0.610533300799118,0.605211738327677,0.765134847827069,4.50100773290584,1.58673732057391,1.25270991989086,2.33460019406763,0.197256072246527,2.71291466682709,2.06002190513619,0.931849066362781,2.48588622015891,0.839772205578865,0.588509983929052,1.12497342275383,0.137344534960186,1.50189786177988,0.82536298457897,1.78126440965087,0.366939009382205,1.1666070951412,1.57132349740422,1.22387492843577,2.13280670016328,0.88554479751286,0.182358680757073,0.342555505321518,0.747824174023334,0.729625047456399,1.04866772777728,6.92707534862686,0.496156758911964,0.673952568856935,1.42806879837492,0.346891414512679,2.78923610869707,0.765163409155236,1.95480943033042,0.916925804764249,1.13558190363728,0.700629197514216,0.676314879499225,2.11148703898478,0.978225383219473,0.969552776824897,1.00572222391947,0.846046489730635,1.39635105133687,2.38078984833597,2.17064856661629,0.750041543972485,0.635149687055086,0.540565540824873,0.992804674361262,0.548979416629796,0.735573205584398,1.04812149120091,0.387385825577315,1.19914688793299,1.06667296421465,0.336954501544923,0.576591187232135,1.26340967592454,0.323681434653942,1.10454802892909,1.02810408578896
"ma1","ma1",0.737032781458858,2.17876368673146,1.16654459910224,0.401121188976398,2.05868340007752,0.689115041822131,0.716203596530284,1.5159113978867,0.568353908206485,3.14716084729024,1.124565253449,0.45290368939968,0.596539145453901,1.33705237002638,0.209659409105248,0.785787520835275,1.06797331172769,2.62691715766032,0.752928093996681,0.702403046562939,0.605054552952588,1.01535998944184,1.59024119489278,0.521599969826972,1.18955737766091,0.500969196416845,1.42795204374975,0.742819715203254,1.23483031965381,1.98162640166258,1.41443675377146,1.16844077424022,2.22868965214778,1.04557642372792,1.11009751590167,0.736466990264924,0.435862142058001,1.55409126870323,2.76802740169305,0.278461798302288,1.52648818369318,1.33645050806605,4.75570565725472,0.862687686367413,0.65820519242289,0.911988574056576,0.926917281156803,1.66352685764655,1.90465846695809,0.162688457554338,0.897535025522984,0.490069720505543,0.255174244095847,1.59440191264736,1.93976593096809,0.43856931772376,3.16350580624827,1.32934911236782,1.19198278801641,1.13419320889248,1.35838410479248,2.97536822447019,0.460469197166784,3.24143826239888,0.748980033341788,0.924188037351535,0.483964840242722,2.39941374828797,0.477706792392617,0.683240634160014,1.0387686838407,1.13284864250097,2.62240626662377,2.1884866443605,0.277034985526242,0.820864768933131,0.60479241608406,0.310004365397924,0.992237829514387,1.26047104219617,2.98796752473465,1.08890330922099,1.43850949742086,3.81279425000682,1.59698237636166,0.722126515453939,0.621817193896083,0.592787328863235,1.6396068819457,1.15331123388273
"ma12","ma12",5.30618903407654,3.42405215239584,3.15845918186613,3.60449608274269,13.7520181719679,2.35178121375883,5.21158506636559,4.65200880983744,3.39847861521669,3.89073697342732,5.29005056878321,5.51720461799477,5.62646341051498,7.16595148995563,3.94534284052329,5.76269057143881,4.77157952911825,15.0537959189581,3.84099468972485,4.3020698865683,3.58015191920003,10.0257836563458,7.08594241549374,2.03785865540664,3.49585179872914,7.10194475456861,4.63821395535944,2.61445645859672,5.07283686473564,2.8202374239074,2.57466576938994,8.31102160901263,14.0761915253386,2.13267572635922,10.910119285746,12.4099183969852,2.38311912353921,3.65394756601493,4.58676155922668,6.28429650584151,8.50452615156977,7.46002127873504,10.5648882050634,2.23436069790895,6.14677136227353,3.93453277630639,4.71755067012526,3.37220931894563,4.25196432987127,0.93891564564395,3.96027979860039,9.46563061516017,1.95848501673063,2.30791843566359,10.1412024145412,3.73206321895585,6.79345525192072,3.18530004483362,2.21615505885887,8.13719361122959,4.01344729707171,9.39038229453468,7.01615755400391,1.94299572908701,6.93917223839363,12.3808602666966,2.54835367414666,3.56929594318895,6.70755959437296,4.97688394096383,10.7963428824712,6.96608182764287,7.64431486158441,4.41131474187212,4.82257479150468,1.60451597472177,8.4947779859382,4.55446648051722,5.11911981489107,6.05856702187098,3.02561458758232,6.04857726186906,2.13058262989625,2.3249917227152,3.80219965358574,2.28110498476435,1.93500471498029,10.1471752078304,9.22493203134813,11.1008037276186
"ma13","ma13",1.80748522228998,1.14783154667081,2.21596899379845,2.132857206854,2.58805946589929,1.65343675047445,1.84849855975527,1.63323724330386,0.761792164904261,1.72916356301224,4.64499001434619,2.35794267206425,2.76517164676299,2.27881358335304,2.54504272310457,2.7179044787268,1.68201839706768,1.03482708182834,2.66313907030138,2.66066556615008,2.1222115858029,1.89706070589456,2.42801522933649,2.19170794513306,1.92590049062161,2.16268876043655,1.52040460970831,0.959998832554319,0.482447409319254,1.49964953693509,2.78265545283068,1.12171150621193,1.79753771786983,1.1906249928679,3.17341442363905,0.874009641886383,0.860198605834683,1.78654307941346,2.10971818551474,2.41952341942055,1.9246803154812,1.69190956685223,0.607693141500261,2.2742993407697,1.23493356601136,2.43146918943191,1.56010596168144,1.11653434774715,2.80910325585652,1.25821595326131,1.13549937163528,3.70357865076849,1.03539310669929,2.28758517520507,1.25291459220232,2.79502017335535,2.23005198816912,2.55475599539558,1.28983137873049,0.891737971723823,1.95070270718131,4.14971134982412,3.67203477490772,1.98260849330103,3.66217090133831,2.04799242722778,0.902781953775744,2.33939833037548,1.6844672122301,1.07121103268523,1.90775429683667,1.74137575672638,1.92534572353012,1.00908935080138,1.10572872067506,1.7536851911475,2.20120723015526,2.18482990487601,1.99165941096896,0.986670159134526,3.75165501277212,3.8455195653764,1.16217986688309,0.479835680140814,0.935321953231269,0.937387824624707,1.84060257983728,3.20509829392463,2.7951460533305,2.55699029404079
"ma14","ma14",2.31254416472239,2.10084164480916,1.40211500813454,2.78074849901402,1.90162296205802,2.54662411210521,1.83077448973489,1.47095241721812,7.61131690024744,1.83235885537597,2.58013292846483,1.62115787211689,2.68459488829556,2.09227948365354,1.88158048469781,0.905991992195878,2.13370515508963,1.74102588361634,1.71539023650538,2.65336953503909,0.893861101885954,4.11219381472651,1.87327270056991,1.1695689776568,2.916246420748,1.28263647406749,4.58837024744695,1.82713796628056,1.97867873736522,3.23039455487529,3.07159520249128,2.56504640592641,2.33087227899074,3.5468461677434,4.28296659579464,2.40786498035228,3.59640795678896,1.48537196167224,1.48331827539477,1.08056252519042,2.40445650062097,2.93232312463157,5.1627486992193,4.97962170883621,1.58024143251862,1.61984730696717,2.25255441213356,1.7813431129405,3.27112744551501,0.969474115364809,1.57628737095191,1.64151470490324,1.49670408220343,3.62870122876937,3.53778723712727,1.37000861242129,3.36587245149733,1.40902450116203,0.757097895694819,1.60782634466246,2.16659249734439,2.04272591732929,3.23451281072108,1.85836455043435,1.01846352790765,7.30105233631161,4.29881007146444,3.78244793244449,4.84708679537043,1.15592933581969,1.70711983560075,2.56941077636252,1.31431556922323,2.00859828404889,1.95237926960283,1.23461167180735,2.34173487261125,1.55121189523902,2.03934516689982,3.65704286937207,1.55349267540356,2.44688106003453,1.42100651870712,7.95215027997338,3.40819716119332,1.38639223391298,3.33885449608011,1.3368754102863,1.84205281153896,3.97009363104513
"ma15","ma15",2.06313649231202,0.483506260043934,0.517280295533517,0.690309921915499,0.397311837029132,1.90642695652528,1.09651269505118,0.917938245740153,1.79705666412296,0.53660398972498,0.40049024530234,1.97273471792065,0.752728853964697,0.746830139993999,0.615876025356414,0.978669452464584,1.00337744882912,0.368116945621545,2.27319181160336,2.38302204428551,0.600934908089612,0.798945393417287,0.910109660131172,1.11249283666472,0.590399888328861,0.28667990837241,0.753363213060731,1.93831761166845,0.428793122428,1.45581988205104,0.832059361310935,0.549345400260461,0.365994025993864,1.95270265182913,1.8672061364649,0.36122174866403,0.699579983613077,0.982753244975929,0.340769416299696,1.06492919928999,0.311964980414184,1.80648734693261,0.418791276023526,0.633810893530967,0.663797185245105,1.60640274453847,1.14307227410793,1.30880731191264,1.27508001395089,0.773891715747358,0.147398887997122,0.526639844962126,0.780458951077432,1.25894685405304,0.980786638298438,0.51312061594033,0.936447858770909,1.08870835030325,0.855307635172968,0.471010412511826,0.279387555590999,1.80363559140195,1.00261723840067,2.74264293207003,0.603295956748654,0.617651233598116,0.71870431176157,1.12473805020588,0.73487152790573,0.846960115602293,0.102569999438174,0.572367103088843,0.33300636332338,1.10688733136401,0.415772042635117,1.0159914054654,0.530532184053173,0.34694094323629,1.83498563220613,0.9590124214912,1.87132581337404,0.473699596119079,2.31921960350808,1.50844636627866,0.977299557950624,0.710539928261987,2.6684929499143,0.201172538241255,0.238307798518799,0.189186955971012
"ma16","ma16",3.35483932250419,0.914076158809742,0.668985164569226,1.17339992503473,0.247435575249994,1.32048536612129,0.373042164347935,0.452396546876778,0.604229533557729,0.568291409006932,0.250275640981839,0.367555683405362,0.321093544950795,0.213178606724898,0.178900819630728,0.0992530032926622,0.218381636408847,0.069444230679768,0.224918064682438,0.620944599453042,0.842630038056631,0.700649492928544,0.37267728967911,1.27486522495785,0.995967504780599,0.160365887764212,0.436532722201549,0.607600900955928,0.171057830005345,1.4137764941721,1.84511041914529,0.418725886383547,0.212755002464749,0.723837261849709,1.07729581566372,0.541218155553427,2.11395503429847,0.491176641748235,0.289134725566944,1.47126040796012,0.332342232550604,0.900902348445989,0.65703715534736,0.384878498149954,0.167499551331514,0.962285994511381,0.462506611160455,0.54065770063375,1.07897115864546,0.607035474267754,0.0952591962411021,0.151352262561896,1.04121915299306,2.45452214452167,1.17805528266574,0.114533520975191,0.744496557288734,1.65695462977939,0.352506828283407,0.281091121474132,0.306172450806144,0.48892228934041,0.385548562610704,0.727719045432461,0.407623932679767,0.670562146164813,0.143890458005741,0.677224507381584,0.170061358465431,0.0730186689634176,0.103374240527338,0.446799931497575,0.361140837024903,0.600259555769611,0.235100360622915,0.358238541543282,0.348887242392942,1.06592610600867,0.882227840944966,0.337052584033546,0.476484428875428,0.303438924702537,0.319104216112556,1.03019653548954,0.837020668662836,0.840043790257827,1.24529002393381,0.0823550011608764,0.228898046375863,0.0330055563449102
"ma17","ma17",2.69721631790442,1.85731442444941,2.27418447541096,2.43701087385445,1.99150084192595,0.958995522923409,2.40006244973585,1.65710666166307,2.61358120776739,2.25946438674869,1.44767158527548,2.24722483193779,2.29460557390111,2.08269508472101,0.910192135141812,1.62677767128987,2.96242163198278,6.83199902614002,0.801586886941975,1.43898485329058,1.66506911768624,2.53524963583042,2.34905043692185,1.15563448673089,1.21471845330616,3.5451680870994,2.01387511811237,1.43838228450514,4.17791791504118,1.44670540721064,1.41826332383845,2.722466937997,5.34017345499036,1.35668608403419,5.57473262509622,3.81194535975775,2.17688232863526,1.45942507589235,4.44255658359315,0.927750030068546,2.17986052415181,3.11107740281067,2.74130540490407,1.59348574016171,5.79755007958031,1.8568254557878,3.95764286224504,2.75957601722687,2.51870810805249,2.24009557893382,1.12277381602628,2.9442003711898,1.46558180688835,1.37503404297119,7.72953622393329,6.59779820372461,2.94866856421474,2.14982435555892,2.09593128608223,2.81203787071015,2.53945754899663,8.77090860805527,3.48641008740145,2.28227149658674,1.24285441094289,5.72991866197971,0.966472105524486,1.71845889345248,1.14902529989517,12.6282311729413,5.40282286838449,3.04478107887772,3.42830339387499,6.41587432961216,2.69275891898769,3.36588558286852,2.36091200800418,3.86240676041928,1.9883411014609,2.61446531583526,2.23629304734372,0.969981976507729,2.62836118553626,3.33859613465354,0.773597656327564,1.50897406690999,3.02342583940544,1.82175821115156,2.41697482563629,2.4322134581078
"ma18","ma18",0.910317894305201,0.417140395092115,1.51234323908176,1.10857308343768,0.222767876381385,1.38482331078678,1.83650253290772,0.469375117629783,1.83021705557448,0.69338710713616,1.04986451758505,1.11989503192433,1.32276834835217,0.586330743656664,0.411951445801274,0.403912879804917,0.847376853786076,0.24275403853619,2.50350295542583,0.804135095432302,0.476560176551241,0.674970431408182,1.26013922288238,0.513379962769572,0.663930060305447,1.33218744816922,0.815059417566238,0.311931395791085,1.27490894261575,0.697168350217412,1.57487641212612,0.867204133231548,0.874598175086287,0.866426503255696,0.995237241569862,0.504927528701242,0.500179626275045,0.894267667130072,1.57381906830031,0.168645572114781,1.45482054023647,2.08512563908687,1.14813044054217,0.741192759957422,1.26159830483166,0.793455217473002,1.035866260337,1.76700325848205,1.14608800544683,0.997025321899672,0.257195595732451,1.04055389663453,0.648192607536884,1.15319156985888,0.980733056394831,0.805727312808115,0.613457682049858,0.717784782533325,1.2981339010568,0.349226380825582,0.677777219101334,0.78549026000861,0.589857651108148,0.577909645557155,0.364914996891939,0.46160185185822,1.69135935163311,1.0414305044659,3.48166199450175,0.301574242360686,0.430683224284264,0.593922020392295,0.583383193282721,1.08930879895499,0.494951553986113,2.65836233140683,0.60668831151951,0.377029562399314,0.158932998667804,0.432306306175135,0.54981855418304,1.1101322407446,0.687905738037681,0.710750209974122,1.95244001289352,0.504636261858177,4.30009164239009,0.530863118012543,0.308521646893794,0.0908034443808482
"ma19","ma19",0.779778483170855,0.403428452687047,1.07237234725672,0.964498137726382,0.476824183136119,1.63497188919301,0.836152616410492,0.679781968594563,1.1479712876761,1.07181950370142,0.496381934464006,0.608987028158076,0.68978947141562,0.528436636130493,0.485496413338556,0.354935047889174,1.18503619747638,0.387340666065451,1.60261539520673,1.95848648656079,0.835522978875043,0.474463154543257,0.841552886924443,0.433172054214664,0.814403910063683,2.41766804387877,0.862379983287973,0.596656532496866,0.610239280473789,0.63593720130927,1.53692469835196,0.20581797473808,1.23758337644343,0.917294994706632,0.570756263466061,1.43167503699359,2.35595144510013,0.790779169344468,0.94379270500694,1.20107879301354,2.02103156056128,1.25965615512662,0.904314203104836,0.752386416168496,0.354506822410296,0.682876122347279,0.781239466734553,2.312364923934,1.59065000956663,2.32061987386192,0.586230419687005,2.59353169942363,1.38970734288333,0.722619344150989,0.416020108242063,0.6982870163201,0.631281899741697,1.26079634751083,0.522718263989804,0.410138458501326,0.526496588394563,0.379096214458106,1.8350721852771,0.317822799941059,0.578987218945801,0.155352936825109,0.348290938356693,1.25716402832251,0.78383120190615,1.03563635308913,0.234498313833166,0.84642572987391,0.577800562997666,0.814389597723405,1.02150463817024,0.870390977017708,0.453724532192906,0.263815442292746,0.193436355154288,0.264541528838589,0.519710372959434,1.48784640105776,1.16082700471224,1.49367183084431,1.05955452153582,1.84647509518733,2.07186252247302,1.29519236983497,0.381316539672328,0.145234325062626
"ma2","ma2",0.463751080041258,2.11143379281574,0.915774756137786,0.197150399535584,1.06468139594124,0.480365742360796,1.21414134392777,0.308666883036525,0.828658722633915,0.547737877360134,0.508588750384785,0.496071459267187,0.393115708930187,0.230315114171306,0.103631310852731,0.0630822523936485,0.44391591194979,0.141434910207392,0.43360059185874,0.878351441918296,0.0967858587087718,0.821501300240445,3.31264754034867,0.468342542157684,1.52382578900576,0.428483547162998,2.22898805224565,1.59206301535786,1.7159032994752,1.61828600954002,0.670470653336325,0.314395016900357,0.613257823222627,0.341039057870389,0.454045858619418,0.625325926004241,0.472495357200238,0.502271423740847,1.72966603284086,0.604817876492141,0.450406350653415,0.701258091239545,0.572849311832426,0.547037014497819,0.497155671713355,1.11670494629379,0.675709650304643,1.06191384195598,1.05022549540557,0.147082761747712,0.0902467645829768,0.420961771497379,0.200458747879187,0.904080034540309,0.736938644472892,0.667865998341671,0.964898555931843,1.13839192738277,1.15858542512333,0.359142700608178,0.568947460987986,0.512473239597322,0.160591994543077,0.63457484873902,0.101468747981934,0.30273883056723,0.154039376543809,0.974521542264903,0.395834548041511,0.171702745250202,0.166316008043008,0.580358127230514,1.21045842582555,1.69635488266045,0.0641312205513912,0.826511994003899,0.284320560731109,0.205925861292211,0.422488296337419,0.469217729500348,0.591688933342488,0.629163836644214,0.198239585408163,0.415280811639452,0.491551412961408,1.22425052266745,0.76836338554373,0.407634254152306,4.31971622528057,0.271302339532396
"ma20","ma20",0.901460326817393,1.67369781011193,1.58307665153877,0.135424412310739,1.13458056426994,0.326629922330722,2.47393931992203,1.28574056750309,0.948515598199273,0.960831789805765,2.44847307617961,1.38960914677562,1.16959495946289,1.04120155218126,0.254426982561314,0.231265883639498,2.62798844612006,1.67281024207792,1.41161292023131,0.706200939599542,0.153036654098161,2.35787277158573,0.664790004192827,0.638975390676614,1.17218295646254,0.385644828765347,1.3751689305559,0.342043431353209,2.37797515303971,1.29055581799418,1.41548348356561,3.84867256989694,0.469274415135528,1.29214630011935,0.958087235640875,1.56753980270413,3.31179165854903,1.04352070855955,3.25832437278469,0.529408635308764,0.742992250543463,0.829323801933749,1.49280516685804,0.466782230545321,5.9171937186196,1.00992231157016,0.901822496765169,0.722639725062913,1.00254259079831,1.75435823200299,1.83548098315105,1.14842452148638,0.778342772101529,0.954398395455353,1.23157603069514,0.431727628399901,1.23521466081396,1.06176655955482,0.733261185554577,0.974707574921788,1.09424573634766,0.479116887578548,0.528019468286452,2.22474101452717,0.615973085457069,0.789713508347034,0.601162105854304,0.758496557611458,2.03845625239891,0.601317340282642,0.68183540856262,1.15492940687816,1.00575474883165,0.715184764233982,0.681502668597033,0.928998283606068,1.88833028461743,0.858960034054007,0.774558315358832,0.851081708459068,0.659430788685393,1.05454668291796,0.337033854342283,1.935897984153,2.22088384616859,0.484021244781032,1.54607532456515,0.755275489891717,1.15389443389924,3.89925419398788
"ma21","ma21",0.392272246483481,0.476310289282362,0.910519107904537,0.851496099231603,0.357661166900524,0.773897529898067,1.57693889440835,2.41721000293443,1.1063460188491,0.264775135489208,0.578961750569144,2.18335881156431,0.696883442202998,0.964557684703928,2.38320971315954,0.792216040156214,0.406446976205263,0.29443365935702,1.56542214419381,0.91750768003766,0.723478579051273,2.03463253171527,0.345544922353557,2.65089580377313,0.76649679487832,1.66347005782345,0.490179527124189,1.0487035435476,0.95866497614537,0.593080741236288,1.21012471722466,0.228376767629564,0.265166170774182,0.984843478321681,0.289947983111892,0.0923373474780003,0.68083073602536,0.346040733642677,0.78299325189827,0.188282275273422,0.291922920676165,0.843064056681876,0.305879698393643,0.544329822851817,0.894455798680572,1.4544992324986,0.584928590535111,1.1394906143449,1.03655896877589,1.23920313837896,0.573184706060542,0.683388678458998,1.56035742963815,0.574408537589099,0.188917363425214,1.34197094646228,0.52328369530972,0.600413607932381,0.784394670251353,0.137479428600083,0.349136717432004,0.399738810188399,0.633769160651468,3.03683670966011,0.69668401344154,0.133466895159444,1.62760202845594,0.592012942125192,0.82463991049581,0.269420571347879,0.145213763547859,0.419735326427654,0.525933708743198,0.831768422386577,0.154419343284962,1.20063051444976,0.943065920523728,2.09875434698047,0.77969982525583,0.228141639110433,0.868985502022413,0.995424410022607,0.438930852515859,0.682587285199597,0.675718085720696,0.383006692476856,1.19779510579392,0.152451069429437,0.170403603772642,0.177458802004061
"ma22","ma22",0.610109023808327,0.57861733397866,0.525569984922041,0.713928148857661,0.330301086153004,2.32147754846788,1.35208901643868,1.35647356625951,0.732573472783253,0.483742373151768,0.586696970799984,2.69131659277151,0.389252610652109,0.824929140467236,0.386056539308539,0.313116101443341,1.48225462516343,0.150170363834955,2.15267983641487,1.24185708447813,0.67341600428375,0.93052282640732,0.854484810310028,2.63012999699137,1.77301709436244,0.648099793703486,0.749319462041274,1.21482630601898,0.473768504467957,1.28589633362938,1.3294799557901,0.749563861079246,0.184263236347408,0.712634914834484,0.35269670446464,0.358358106524077,1.28377363940295,0.431730392298613,0.956302969551016,0.259809228482456,0.264464453698628,0.495064380621427,0.276261709089114,0.538246114904774,0.54792560300533,1.23485357096335,0.543171941438287,0.819057110601848,0.790821864906789,0.120222195897881,0.317892761567293,0.798021560027448,1.15691365648327,0.352842208836926,0.187274542685311,0.549835703092684,0.959652809887185,0.558137037394469,1.80191913391521,0.149486130989107,0.801293314355706,0.184230893769033,0.638538533594621,0.338285241675087,1.45938683560241,0.133769838743895,1.14060017177818,0.605862360121356,0.486924524333059,0.416117832311157,0.263673642363988,0.33787953847112,0.354276106158408,1.0734277352626,0.133002599322016,0.554758695632937,1.4415889344798,0.797394877557687,2.06387627546233,0.317765873029297,1.21147139244588,0.273564701299488,0.787520465639502,0.500325411775134,0.418527944690448,0.424206178500126,2.99341271006446,0.18708689845958,3.19146172677722,3.6264108000789
"ma23","ma23",0.606986384032483,0.651984828980702,1.18995900319511,1.22215165973235,1.02180283340308,0.795611052983228,1.04259187286774,4.09546841825268,0.820178631235461,2.2518388583478,1.24065727196753,1.42806686112551,1.84790385839797,1.7246434738265,2.50614312922667,1.88122767249721,0.517552154033818,0.849039567870123,0.887981978717241,2.53513409393646,0.547807621282366,1.13148201658959,1.99453715331439,0.739050718444967,1.18619682934292,0.934833514821973,1.01337911942429,0.329100413107037,0.752191808987266,1.60194572040825,1.85260322464784,0.633799517956982,1.0721592763381,0.612203376824333,0.990591796154951,1.32654242041808,2.12111229932875,1.8213744737439,1.20713095905465,1.97082496000941,0.708072692782064,1.88501816897383,0.316962476744288,1.57726100979097,0.452270895516831,1.85917589262752,1.88911228400139,1.0847837925633,1.70709159469861,4.80078772842089,0.557578497587402,1.17958672058208,1.56113102966701,0.74783071800704,1.08458565467025,0.5157762094357,1.7234080686533,1.96198390815842,2.53812644710355,0.538579747583628,0.552659341585045,1.55309990178332,1.63823745524016,0.742458417728508,2.33855273102909,1.22254880580223,0.95591383948688,1.02826787631218,0.189931148514089,1.91178482213007,0.738277339380863,0.974675360297363,0.512383038580294,0.684620274507426,0.73872234733468,1.0515373436541,0.808220972434603,1.20047381625314,2.1724004407484,1.30207337534347,2.61540908036839,0.560379401996043,0.469052883783958,0.315418032916873,1.0981336234054,1.15946920635561,0.827854007199789,1.16425760223442,0.932945649231623,0.56431759539123
"mh1","mh1",0.737163767235612,0.393912616416578,2.92089989503453,1.42908696101166,2.05363410689496,0.944733897041572,1.31903039765754,5.96357613160209,1.06869431315152,1.1627706236214,1.84973139645236,2.80980290289935,3.3406980847021,1.11513305624735,2.98609455473359,0.649765567546976,4.42321320160765,0.625062515643749,1.29191181289939,2.7472871440387,2.2473215688866,0.843380569875526,1.50395835753194,2.44199260803985,1.77726284149934,1.55172418046117,1.03595959110785,0.62321025520445,0.829502566523008,1.71348608386389,1.6904736129507,0.879530597622639,0.764874771694192,0.64809138769139,0.899534758991835,1.57354316022896,0.37221170039951,1.71101913531473,1.76709642371011,1.41578022301382,0.866023706355353,1.71396204842134,0.605831978094291,2.32584437786902,0.345277580896047,1.37925779637276,1.51289240713729,0.679729792325205,2.54672211536799,0.117901558775211,0.388067313548561,3.13230860214446,2.21714715530596,1.9056408218103,0.556409846575441,0.818986192224288,1.96090315254719,1.81829988210276,1.47523231208009,0.653237992974436,1.83854875495741,1.4592509222936,0.826205350599461,0.34449890670377,1.33969885683576,1.20518492727369,1.05246116194315,1.08863848927075,0.45248670647754,1.95947777966693,0.625434555890469,0.726185760502696,1.05492879308977,0.847399068931741,0.543976528653394,1.01792416134359,0.652403724569103,2.14316268824818,1.91688866442052,1.21989600076359,3.14805219845132,1.15685236616474,0.765630936182356,0.697703216485537,1.98823774341201,1.05455147857002,0.90699684819287,1.25990833886694,0.775390430744415,0.829338680546378
"mh10","mh10",0.184602165479574,0.244851064568664,0.787782400902369,0.253299699889781,0.0567234177608705,0.328843829232435,0.506882887931652,0.302171758256314,0.846669233810513,0.191162813008798,0.316948348118151,0.222636966663796,0.355344156410011,0.0705377562795551,0.0836770745145564,0.31430453125351,0.573445593910153,0.0314939249595343,0.199731795562166,0.333737370464455,0.177147198752064,0.248881451130397,0.9528949213081,0.43374353438682,0.176498883717622,0.707327997038623,0.484956497372891,0.216589172721973,0.377412245440307,0.394461112568046,1.37220434618942,0.421219720249274,0.114864159479031,0.659934749871842,0.277367489050513,0.150285202570726,0.468165454522872,0.221726073247028,0.312634126827279,0.0481970576531307,0.136661049080325,0.330486405571282,0.278895763618101,0.341885208962685,0.498732070442865,0.776128762116526,0.367888551945947,0.728583656557636,0.294777459172711,0.168199578084556,0.273624791941843,0.832683660044175,0.167947580763636,1.33520409405643,0.183976621447948,0.0850433759651081,0.229311035250922,0.918505913761494,0.594007612098039,0.0394370598433067,0.293173901620375,0.243673178467108,0.177943487210387,0.453243222421591,0.648769818158674,0.166933775190513,1.51120176528173,0.257681158847137,0.391478479213489,0.124199832212918,0.0232580700330451,1.8023230444463,0.285799758465566,0.318111017325474,0.0317504239348937,0.780701057116342,0.796016601347005,0.397327634864762,1.16222817082831,0.478352591177562,0.699191993052007,0.112096283423449,0.671582040962139,0.252810284526671,0.191656103235065,0.181819115148838,1.76719692534169,0.052613627926396,0.061629064250886,0.0581820325506685
"mh11","mh11",0.162960744973234,0.481241172719816,1.01754390358583,0.599164595709666,0.209203703459178,0.705891948120271,1.18104410248576,0.914460169151612,0.288191890913891,0.466432323192305,0.271286520085101,3.63174261351531,0.329594538989572,0.182519579397018,1.109774916402,0.190737786679753,0.292456588967885,0.559922225551431,1.36669220380988,1.02669779870244,0.642026098064034,0.296988874959838,0.456354693351618,1.83699345171588,0.588950841350121,0.297834307104382,0.482284575817448,3.60501982189714,0.288037077296295,1.10617158083593,0.719782099713338,0.574558998089408,0.0805465103795947,1.18075369692498,0.385978100129473,1.08358783718706,0.701296900535721,1.65305928248321,2.16975846298315,0.365349618672912,0.588356462084816,0.672670797376723,0.540945913441778,0.534150797155169,0.219659203625397,0.867865916817689,0.325025049533462,0.584537021027557,0.771484719731263,0.396678922134727,0.287462634209866,0.420767165611923,0.429472479342957,0.807195669840726,0.0481957536121619,0.421730095839978,0.174512250572247,0.805143761452836,1.64792383201498,0.0551860115336188,0.0918870753356758,0.293618624033586,0.431381805100296,0.54988971716804,0.621640150939817,0.157631498709273,0.346088794182008,1.67014632650482,1.98994427874916,0.697509525254064,0.112136275129752,0.0775807046710658,0.776958067204071,0.221555675762181,0.0405385721200038,1.26193547762698,1.31056340587034,0.658544973919577,1.04390500731784,0.211016193655287,0.792215760301615,0.751996775224514,0.228266146269914,0.0640851534833502,0.203250247537329,0.625413996647141,0.321551281938028,0.266554058234604,0.263620245980562,0.185408914659516
"mh12","mh12",0.329736670317334,0.235621500454406,0.829909475847666,0.443557927525627,0.673352783602559,0.881180254938011,0.472265205635811,1.05826353012021,0.259282594526688,0.546865026963212,1.82875398164204,0.86518087207078,1.25948713457934,0.598304930041225,1.61940352802352,0.598488732499025,2.00490771598951,0.273500070526895,0.753748278344329,1.00654073193499,0.949277493044758,0.608068857461775,0.963369771690101,0.48790327493825,1.1615790806925,0.780386251470042,0.324567085720231,0.307367741294061,0.181530410070821,1.35440081493565,1.23609761481286,1.14835044021492,0.52057032638468,0.386158639267837,0.592866202912843,0.289255503278927,0.345623730533479,0.544089548274361,0.878694359575012,0.568178460070835,0.515171095658291,0.824968408604415,0.217971092299179,1.65240805890375,0.207964073937842,1.36812363669878,0.665726235374289,0.357214817742694,1.0209467642186,0,1.77070881168359,1.02940150772283,0.676641402017189,0.716254806924505,0.38346450549891,0.555146063456265,0.796040188947334,0.86554481582115,0.307872452920957,0.447958212673686,0.441854253987667,0.978450755870346,0.55213277944987,1.17402653974442,2.07330164549047,0.773745557589836,3.18321608652162,0.874827756677228,0.341603295612105,0.227613162798222,0.382794296954914,0.555184426923132,0.396103238657345,0.369468344402357,0.550119886032211,0.662051585716236,0.635626910115906,1.24237916535476,2.21011243948453,0.351681074071066,1.31195825603997,0.127316721753719,0.430116954764833,0.125497294322528,0.579002305604054,0.756676541542357,0.697592618433939,0.374258575872361,2.37941885422166,0.170496895225494
"mh2","mh2",0.677513144496744,0.212192665844483,0.701582373629892,0.830838068447084,6.79140915319455,0.590695754456019,0.673507392679695,1.10833755881234,0.214696116687808,0.38309307382247,0.942150642231139,0.204746390565742,1.09082504653303,0.367235714426502,0.994695856795162,0.293271401720302,0.965525078457149,0.285581018547798,1.99634216596765,1.75013380400526,0.450166096160357,1.26590581246312,0.865256142857626,0.271045925813812,0.641342402215804,0.371265081726975,1.15309974216625,0.325678070989882,0.253407659562645,1.12179199686612,1.2673701163698,1.16704217663482,0.352363115819242,0.340337569352561,0.405951111742169,0.945533863455525,0.190822439817576,0.768652988877523,0.697305753687777,0.613841337005236,0.393718465856296,0.525603724504441,0.164979740505771,0.599510198101958,0.121012313526611,1.07177267221682,0.896945738093536,0.46549122036431,1.42780270313953,0.221798530190234,0.334023180424982,0.511942319875934,0.385769588249934,1.01529411907399,0.243049588854004,0.459286951004958,0.948894609127052,1.22526339971126,0.308892110419481,0.192286644686621,0.327246060009934,0.83540659881688,0.58214040591038,0.082373960842706,0.943186355416735,0.518962935820268,0.313954625929171,1.02230824925834,0.239184390327704,0.213208583896637,0.29009389831122,0.305821623464152,0.390369008711911,0.566999414107516,0.912206906886172,0.697959489593703,0.530590839685441,0.683575956444034,1.59709547295568,0.730341946706355,0.81689540107282,0.154502480277038,0.827402833361633,1.22640162603539,1.19340215673121,0.706063573141412,0.963778959907053,0.116334512706791,0.621937699387989,0.133073659841122
"mh21","mh21",18.6902759478227,36.7586269764349,15.0095667307523,29.9603875890755,23.1530275331805,12.2501057598524,19.130322730773,15.2491703065036,19.2256977671823,33.1897696614562,29.7501934904655,12.5510832041741,18.7629361877272,22.3248316643336,23.6109949729954,19.5327139817627,33.5398575746505,27.0293588794289,28.2635415333684,23.5979902126736,37.3990948783776,20.8549037912952,21.3611498883857,21.3738191375548,12.1269154823782,28.1728170768355,19.9590482820526,8.86507336458152,36.5180026860395,21.8732064331564,17.8032955799873,19.9229069878547,22.6741080343069,16.0756968903936,17.6812112606683,21.5880955901645,41.7355190990211,47.3364999247938,21.6290511418819,29.1257585796672,21.4257034012153,19.932458961643,17.9935294186335,21.0708513627596,37.6845053522159,13.9404032138022,25.8506723790879,19.9342240812654,15.2601662043162,44.4942182414615,52.5018028654264,28.1801013829933,51.0625547854241,15.9413016548603,24.152760519586,43.6005037670169,22.040357349553,16.7870663726199,15.4261583633816,39.8115114434072,38.5390335644031,16.8078928552952,34.4191168154848,37.1806632918138,31.6330733432564,32.3728628688554,19.4440203881004,15.8186016843215,19.9123245912645,36.0158430175694,42.4321604730383,37.1491015675368,27.1949602169864,37.7407952687344,45.2951812831277,22.3917786105413,26.5148713010675,28.457371112864,21.0666605793597,15.5208734128348,20.6790627083071,28.7088083163762,43.4683540057854,14.8075311125753,18.0314444190784,22.1435276106831,7.78915431842156,43.5806883655984,32.5324183226446,32.4127645581979
"mh3","mh3",0.555982628723876,0.607259959392408,0.521131285222828,0.597977129754508,0.789386807024419,0.716299857449643,1.04104592281485,0.80355667067373,1.12890546234051,0.434341115677578,0.248245185254407,0.686144672055618,0.924922810520359,0.564780031941308,0.531710348375988,0.377442591417172,0.447641262404421,0.00645200789278694,0.582586853858633,1.11358390229178,0.358430469617435,0.807920367009502,0.481528787264519,0.774677593603689,0.990168025434654,0.288621306181447,0.893800004291608,2.43436776375097,0.572092710306022,0.918748838457441,1.26972771057389,0.26349777887556,0.284466933451949,1.24488945003916,0.428328895359264,0.490497395919818,0.238965561658932,0.216474630236072,0.390856549750621,0.574864987787997,0.373010983407619,0.555518749830806,0.415566787204646,0.894971159291838,0.209243597126389,2.01440313847212,0.589030215724227,0.785504731821268,0.879107011923489,0.415323721581627,0.267965938776712,0.378672110020723,0.278511883342884,2.39822746407044,0.226336409254171,0.0934730734991266,0.402346539216447,0.895580085830669,0.827151686343673,0.273352805616204,0.248218748965259,0.289994283083921,0.771438586323083,0.799369868575075,0.229982557673816,0.40339092101006,0.395074349808027,1.60019763777346,8.78752417300305,0.179414277794146,0.124228933798162,0.286947046394431,0.199500665644298,0.402529115299473,0.188662530413269,0.960937906008159,0.38005361194006,0.504191490973064,0.258105005378047,1.09850897890946,1.20759680433788,1.03244124451885,0.383377418718464,3.0762127327373,0.580191230742752,0.380147996448613,1.18572707443352,0.22724382420421,0.155262846032685,0.473054612779346
"mh4","mh4",0.304311966504058,0.606935899318731,0.465222924361638,0.464598853917442,0.598060035826423,0.976300742198247,0.389252730621839,0.314305848054202,0.913768084616355,0.374486051723318,0.359849748985925,0.460005529366154,0.208026426168463,0.451470147836329,0.215427706664167,0.0605238742530742,0.312168819792951,0.0779604466438531,0.266688042575732,0.384606494602346,2.93917810547297,0.225169409518606,0.523403961203148,2.01176338325086,0.569737036052939,0.205368275167311,0.75384731701692,1.00697796784356,0.100566564510363,1.22872151411416,1.12884574597647,0.30118189612586,0.295067369392525,1.45456058411324,1.04166964754959,0.238750044147013,1.34301332530905,0.542203775822202,0.533048454229438,1.56687417578319,0.489498916461695,0.699693060610616,0.2344167602294,1.61724682800776,0.0633334387194755,2.22890504369528,0.478210365569825,2.3744716584618,1.2670211929957,0.0631649336038299,0.0310317673802575,0.365131857928272,0.383068831200487,0.617616461714307,0.489692466100928,0.186401188953459,0.456487608617759,1.48379945886944,0.514099998531185,0.195107062359248,0.441801016253762,0.524636915868131,0.310050701503898,0.174554986541925,0.132196937933122,0.18942042676637,0.297219137798797,0.858753064009597,2.79221036411067,0.219490763962751,0.015760558813268,0.109928885245619,0.14647475533095,0.248786428240659,0.073870293496524,0.677464883176842,0.976064837005666,0.284462058009419,0.138549971554519,0.642032847534744,1.836592353365,0.542180062520916,0.129233161088565,0.310004791976629,0.731423268792323,9.69208720040068,1.25203733791176,0.0812527813183873,0.0945594319244158,0.0439569308601822
"mh5","mh5",0.364011391279646,0.167861450827401,0.479768374920621,0.942913415012219,0.270552609434466,0.69340461000267,0.260101060530673,0.670240906742889,0.405697764387984,0.250831327470096,0.097753592920498,0.125026784051738,0.504432338069105,0.63115524465587,0.169826541810796,0.255637026437216,0.977883469351211,0.153061222235528,0.317420597008087,0.539351791578733,0.236670913295636,0.311814693501388,0.519600989655105,0.377691617455859,0.419869700056753,0.328573130603738,0.453642745996836,0.209240824099944,0.0174748312313572,0.748540797160894,0.425774021073878,0.335107629726152,0.428163585754165,0.718311913315748,0.872857259807786,2.32947539066424,0.408973888364077,0.422152806608638,0.488725365337026,0.305040939343413,0.817089774663367,0.522563153945848,0.250569680305167,0.494426341891053,0.0368837046913529,0.459674092099998,0.228979431140401,0.555701276909991,0.770794651139396,0.016728372392583,0.0615560338455642,0.216923523221935,0.221207021337791,0.761965821796513,0.311282614974693,0.122257210743681,0.268842795665159,0.76781042228274,0.221226513045158,0.196675650974918,0.14311766555856,0.662083215278416,0.195846954314517,0.207637237299314,0.0468256971062316,0.258849575106657,0.89985935607124,0.39236968817392,0.12616199463171,0.613567444149656,0.0641997244174561,0.0711806372664725,0.742280048939016,0.311444090774976,0.0519417073947827,0.699315939361478,0.469351743961642,0.310480925442777,0,0.334123696106511,0.343889357123089,1.01096651435012,0.283748153891381,0.24277904272342,0.522355329510291,0.166272124925986,1.21305531792347,0.0259745711808355,0.0591927412704469,0.220507509351119
"mh6","mh6",0.649841766121699,0.746563217882664,1.69366221523478,1.69816994668295,0.682348504540547,0.906217803249104,1.2897012788745,1.29995016167943,1.07674917912083,1.09655603366526,1.69954430024715,1.3407251199663,1.84775487242693,0.989767701965661,0.239324580446989,3.12882608158773,1.39805903737431,0.42766627882664,0.407492005873672,1.13907378823992,1.82458589286569,0.703949200401473,0.83393175111102,0.906398520665175,0.538127829282626,1.264947082496,1.6740017047048,0.884365992556222,0.583244080933836,0.842040620504714,1.08438717784221,1.04477155364288,0.338488898090751,0.570297814994362,1.35366295924513,0.8925493972667,0.97815012831647,0.486857328081743,1.17992300064362,1.03712565675127,0.837890894350723,2.54019897007385,0.916780593626734,1.55090353520099,3.22529192856168,1.77856050825083,1.17854276228977,1.54753548896447,0.767013362641907,0.401417592963604,0.896911463989665,0.83844735126566,0.698333087014295,1.13745324583503,0.849289463775049,3.14341067295245,0.702160198320385,1.07344487183668,1.54646545956497,2.93878912828779,1.68078490809518,0.867863821496025,0.871316511173575,1.50137743614487,1.41212752959639,0.435709298534773,0.570920858774777,0.790154350224183,1.53675632665399,1.44807734006025,0.998322299913254,0.607730496170315,1.59502452809267,1.26900639770445,1.57567209974612,0.706916589380926,0.214086399978937,0.500083423256409,0.431495038692356,1.96752996158993,1.06983787367685,0.317279341984284,0.820713934705457,0.987615685475302,0.749072449135505,1.0932096654474,2.08040393058471,0.988981968807461,0.562465983846024,2.82123078828153
"mh7","mh7",0.31841664639736,0.686550643332007,0.707411930046472,3.93818206980153,0.48597308079022,0.580219989122423,0.501878006268609,0.266897931331646,0.655773935585614,0.253658440795209,0.367974420517751,1.81832679773762,0.380822657233775,0.345312477584286,0.201596325960011,0.191771344566968,0.339256089021804,0.229409397535429,0.858068933628968,0.361417323792042,0.895221968059499,0.178506823857207,0.657010792788338,0.573829426738059,1.03375805043172,0.657170230702022,1.13351261332793,1.58973093690172,0.364630302129477,0.314799796555271,0.676848801319686,0.486712409911878,0.450706674811649,0.503556115663427,2.88486390680837,0.170331464779331,2.38122816178834,0.189308637092403,0.952036208328616,0.612291049263703,1.14124939392625,0.496242332703316,0.691452761984737,0.673543648002881,0.648620292917998,0.484182234508639,0.965732142826869,1.1339378636886,0.601663096532814,0.286104793809869,0.142555974377414,0.951072884227587,0.605739674200797,0.440165630079304,0.786411535679551,0.478127303698223,0.277316418560842,0.309814110483741,0.370852173894892,0.617769690584464,0.576791794187909,0.300306004866105,0.458440332225602,0.168782927413806,0.408119294303373,0.120636046080432,0.252957568748246,1.01668784837772,0.738950028931327,0.194913253466091,0.631510106516839,0.288952404651476,0.33510017141233,0.789372703393631,0.545910161477823,0.453093662248148,0.448311929410989,0.445474370634937,0.0413494166652658,0.813692742818813,0.799687282059442,0.347558792189135,0.456676222236839,0.616415388663953,0.285594815308953,0.904046371264506,0.674725463343637,0.368053115245118,0.448046708987747,0.0251388885654446
"mh8","mh8",0.340885620756321,0.333693824794563,0.779555579759082,1.56635093453393,0.386415045033484,0.649776209065453,0.778473949378493,1.58855298011559,0.451012397070981,0.70195309352746,0.524247560330176,1.20726329413788,0.865297286004956,0.868394515266916,0.0714863450320045,0.155860934372314,1.44959286524699,0.388461765762583,0.48958096358337,0.38186244712103,0.66454633591053,0.0849206163613535,0.702827710997015,0.337226229235115,0.516782079985264,1.78867211443372,1.12015380399567,1.64067734563331,0.41128395370101,0.788184695974196,1.19809491571734,0.329171823884664,0.618375810852448,0.831347251964165,0.303195500378226,4.11090089708548,0.217243524226169,0.57224103926609,1.10536572694252,0.105983304944415,0.265837747476538,1.04136979205357,0.614618335940542,4.22719661666642,0.376026181295331,0.788152679515281,1.09409542861399,0.563035684248835,0.506953598065744,0.0429999174733321,0.138237840466951,1.07409499862083,0.356627518252173,0.266741918372765,0.577774816275104,0.860784394682862,0.525670099366062,1.21720668392266,0.430496927306346,0.147229506176776,0.596753994060911,0.190293065276306,3.88896799495325,0.215368450101575,0.651152916596516,0.182835663743292,0.179417028600458,0.549906575280275,0.151133603530806,0.223140104280583,0.390133104268532,0.448941882879191,0.754273328655767,0.533441634546296,0.0267437514884377,1.27036183400306,0.154587733407624,0.626870813976885,0.437232165310599,0.613732421763149,0.507495291313234,0.292102421755501,0.417423719527902,0.218190695970129,0.47280200435617,2.00527797231106,1.0378030681676,0.245842477310496,0.268465740807381,0.0665402112165256
"mh9","mh9",0.222481641349688,0.856550546661046,0.563201420875787,0.320611210197375,0.198018867101697,0.0832932956138022,0.509359776383162,0.369453436398913,0.201494705902329,0.237398164104411,0.268275414124111,0.485134383050057,0.218716884794575,0.097983299012609,0.188505668722213,0.0659204316921651,0.706893597140292,0.0542019694471076,0.356077709098291,0.956411427359836,0.134338432886424,0.940617688842055,0.361964892952225,1.12655501933684,0.253835567635921,0.229525964405838,0.35448197316954,0.852721004648302,0.249559211954518,0.923275639383653,0.731971934454183,0.408886460934441,0.136646260595941,0.467937842266047,1.02320242961375,0.270342743841306,0.826622131276065,0.371522549888923,0.278011011048661,0.296201820795445,0.0533011611155119,0.556050932974319,0.216112044401378,0.255101995242233,0.085908718140113,0.398835269799491,0.241546890589234,1.28602780114828,0.424010494127449,0.255555157390874,0.344343749128344,0.737915503567789,0.227006820508536,0.267401460958245,0.190193806571529,0.138028373561831,0.656338858553996,0.454970846733256,0.658964509027702,0.0785402026157227,0.266007869753428,0.17428860594728,0.22517571721506,0.201925406902597,0.215315777389665,0.140533461237333,0.290053628621122,0.381781785166493,0.416505689195215,0.125567373320978,0.0473235005723517,0.106002381597924,0.082228387234397,0.642815327924569,0.140608651498749,0.394377971499594,0.296734083367372,0.121378732802495,1.35186635792679,0.179567557468163,0.936261075744229,0.374890462339701,0.260410548866171,0.0138894213739256,0.114719503004539,0.991967547921578,0.49682686379007,0.369459059466514,0.104954131315589,0.0223219171951454
"ml1","ml1",0.313582277858841,0.494227231170495,0.755782075778487,1.46843660766893,0.654386775187801,0.8711232084062,0.564514420532159,1.15436548217647,0.306556676006335,1.40605072237792,1.47407011385786,1.62628300447884,1.16686477783527,0.61298289769043,4.09619547865022,0.381477832142379,0.235281178574733,0.533035670581898,2.67953551970166,0.690113796853613,0.63011705324791,0.932803186686832,1.62500632813166,1.061652436656,0.750934089625366,0.506973769786462,0.486327540961222,0.377441940662991,0.437036365849427,0.798103565796253,0.860976760741453,0.437870439788804,0.636411475857247,0.393700226884568,0.407756278608538,0.243188516322792,0.48167634314265,0.651767620053422,0.994630048584841,0.543508000462388,0.870002702515418,1.14689668377721,0.215740061215987,1.30778889550341,0.0579372158357373,0.896999907384145,0.596828026740858,0.5197577609742,0.917810630170647,0.100395996290866,0.135849171990757,2.20782462587639,0.557711834168814,1.47301487462813,0.783326009872611,0.76300582380909,0.832715870286396,0.762563141990552,3.22789659429162,0.283902453874411,0.380649329271519,1.33408073719248,1.08403053455985,0.0791066173601989,2.18409540560391,0.960844601830821,1.02554328190632,0.832049843535267,0.659774510595075,0.311850613019282,0.513743200797252,0.631880801549429,0.75799801831528,0.639818286231828,0.474657239695173,0.769479235855365,0.49234532529605,0.637592614575559,1.52842209073357,0.488381679560312,2.65578780101393,0.958732929404043,0.614508544773226,0.693396699481908,1.045114122947,0.416905491019142,0.412798948579172,0.385504727982449,0.650515711395109,0.152225751857502
"ml10","ml10",0.276851804624486,0.162907381887991,0.538562399718413,0.302866097321104,0.174547315942589,1.66477586448599,0.701649188719287,0.703984758763727,0.157946997256144,0.204073890633418,0.139592769808607,0.938425569616581,0.215226963857114,0.231272285673681,0.310449599992262,0.565801949743162,0.419303069222729,0.163686041426897,1.37257582395378,0.616190301317458,0.146701065609649,3.68175408328967,0.521453317438085,1.49852112064727,1.3732395706656,0.412177663949193,0.196782075394323,1.40154203399423,0.260434601518166,0.494150547803446,1.10374405765109,0.737034950295169,0.0477208753607828,0.736366777227491,0.295807003921328,0.0483306634944809,0.228716388998638,0.100582388822256,0.519655846980062,0.0417719553702988,0.332306447183731,0.431377497906587,0.186556982380857,0.134015238282227,0.0691154958982384,0.569692340055832,0.254274802661121,0.579401894020525,0.578570844170581,0.517258753926812,0.319650600002983,0.59955977642244,0.167568169008448,0.333058523208048,0.0896832099028979,1.30979807436262,0.19205439549514,0.485438424007702,0.572309682483965,0.0834676733403377,0.262856623348224,0.103810495122717,0.377405306762715,0.193986462049834,0.378374150221793,0.112505965960769,0.421668934085557,2.03411542651476,0.820921855019048,0.0643401100500783,0.0374178515501758,0.131993595413861,0.280128447707797,0.464475630606721,0.217406487097481,0.248247250603467,0.654431526926806,1.47512650601372,0.77344921278267,0.236697233015877,0.414874307289607,0.452266379017542,0.309907815532386,0.236644669118241,1.49792628353696,0.341954539818783,0.944863694406209,0.913490209364366,0.113099557838645,0.107054770547221
"ml11","ml11",0.113364484834802,0.308472263724275,1.02556113102514,0.71685627156532,0.179309994391468,1.2324815810914,0.742782693190135,0.74815751295457,0.17813824613103,0.237212273836265,0.537652333112777,0.993050574360994,0.30834919618821,0.591230042252756,0.0257032260517647,0.34291364606503,0.236491865704606,0.286979021031251,0.491569418116805,0.359491986335022,2.23875303538011,0.268829531600908,0.284208472199939,1.05752878223649,3.04842780208962,0.182906846567658,0.998518549370807,2.60335956902307,0.321225689482104,0.890229206495349,0.732199296322753,0.339553915141214,0.193799811873146,0.716919250237419,0.143639365393769,0.58288928599079,0.964793110089485,0.602943687350579,0.69382795309196,0.315526372521646,0.366427761768942,0.337469167102058,0.0966272962045098,0.366793002753908,0.109823057306854,1.45624564992968,0.188319377990198,0.511577818975199,0.64778467647651,0.0415618942676888,0.171896196406514,0.299562693089047,0.340402806287044,0.484941996172579,0.212330024808326,0.405810932122535,0.633350257371556,0.819818847422868,0.651524281243,0.062414580558521,0.483557557934995,0.215312695051691,0.189865041130163,1.34802488267739,0.293966100033491,0.073365009062565,1.98089667995375,1.24105615312368,0.505302423168245,0.370951437482812,0.148549959713636,0.101619653473241,0.162348293410331,0.232560263558403,0.00800513114494489,0.323732378566599,1.09932927774894,0.163436653810907,1.86853323731079,0.27145324800891,0.705036298876314,1.68859787703101,0.417325985254911,0.136742341665626,1.13405865235503,1.01969541995401,0.748927568103733,0.0800294636668466,0.186005670659706,0.407885421256633
"ml12","ml12",0.450267228755022,0.610428015397483,0.775581093860542,0.625360166732396,3.91994335705371,0.560576270439948,0.543549859840217,0.808244234125585,0.232630346228684,0.850704902029316,0.929553884466346,0.20150190221763,1.01199899894812,0.678298028707871,1.07289787153624,0.284158431079348,0.636273063195949,1.00592979145799,1.45762524070674,2.34133105414163,0.424336510320214,0.328546846991406,1.47796563984085,0.8676237551416,0.781757871061351,1.33297011455986,0.636913223567857,0.207522884968804,0.312821864837433,1.02048802153416,1.14227895708331,0.490514995635461,0.74032226892178,0.561005883237523,1.29404444958501,1.12353331486808,0.57310898040808,0.61373075039091,0.6159542033092,2.13345679740265,1.01165783900512,0.823431418897941,0.31458039964558,4.6284410577762,0.169910204815116,1.24566843871525,1.72094248648666,0.532141632343129,1.29753736426101,0.245616524420503,0.410166636031949,0.449697623100085,0.243963173839507,0.626347636742618,0.543608436842832,1.18770030668933,0.820336865582432,0.873912515122732,0.429379954262987,0.504078287398102,1.36959006481774,1.33579805623697,0.69509747929315,0.204499351738747,1.81894886075314,0.548694656739918,0.823827119675109,1.49015023864967,0.459220365972064,0.30794880554101,0.650894050077035,0.657003879560877,0.608703175778815,0.289982493604077,0.448544305556511,0.791903383853386,0.761380120339435,1.41399054991204,1.54547105837414,3.2254622886133,0.734315806217728,0.764859032949539,3.23813841958727,0.0293316393599268,2.31218782801294,0.482139999378768,0.732249035927955,0.708796617229693,0.424138308592503,0.676694886754048
"ml2","ml2",0.368243876867869,0.215227331709215,0.477507004631323,0.528374291070446,0.442878260790802,0.428104830477017,0.35849210621089,0.724185184906463,0.178888777991517,0.705956725674816,0.506843602878864,0.608373441824142,0.858058054976388,0.194663356916113,0.804210212505574,0.594501047632208,0.425340852489203,0.215835467853693,0.670656347342236,0.81042202807847,0.188765923744722,0.270401082940863,0.800694631079741,0.415006727840709,0.394697352562403,0.29320029185055,0.0939822041338569,0.227440798108212,0.25174522933362,0.700822854481889,0.68498910772255,0.406475086471204,0.305927689008462,0.224965374013693,0.508926013589514,0.358663766841195,0.125137629105174,0.648727663213005,0.446321361396531,0.504822875089144,0.331672641425967,0.925814727577826,0.157652167331129,0.531162928667599,0.038447248425826,0.85603518869791,0.365890049772649,0.293722142554892,1.10675729775351,0.109775625125332,0.204740211970638,0.616890658574807,0.182356062846144,1.37711770280126,0.476769384199427,0.430747191449358,0.496611117480326,0.632089098924611,1.04168573629252,0.312316562988948,0.243205727822846,0.985011779472036,0.914151357641505,0.0736083684974743,0.782362294651908,0.739522712427467,0.058956746475935,0.498120224714544,0.579842779711605,0.174656605768849,0.211796810487509,0.527998493165043,0.379966317594979,0.221611912187867,0.337287705197745,0.969851104196966,1.59111750118928,0.229306009738106,0.630224546264321,0.853057585549771,0.562563251383201,2.54975653763759,0.239896662832054,0.344703268266686,0.179549012225174,0.732977633904671,0.629290924546458,0.170110236514251,0.258737984019745,0.0958505248690865
"ml3","ml3",0.705709791284391,0.242750639481902,0.352614807875808,0.775726038345647,0.0757224982502677,1.71234809199446,0.292612202093944,0.321198342555957,0.2448245741191,0.375455302821713,0.227673231635084,0.251633637818599,0.958561555357671,0.0931746677854843,0.266594746103214,0.318260805289476,1.18100543703522,0.0685154260702814,0.700521383315285,1.3262438589204,1.17909414455829,0.119431395171868,0.493728764445507,0.455173990533886,0.350289860904187,2.379645870122,0.958103346998725,0.812285267481267,0.059769743747381,0.343953178389938,0.744445181480702,0.415425221627904,0.15947011914971,0.459467993341789,0.330460425601736,0.389078559229138,0.832086904888546,0.696899287302927,0.496404710540414,0.405696667034438,1.06583686134123,0.452806568152526,0.287157461189945,0.517107572486977,0.17157652623417,1.51648169403118,0.427942795228859,0.815735380082017,0.903330816075667,1.25925832028288,0.0904099282868632,0.173132758533317,0.221908700586957,4.18213239632164,0.233835779772267,0.111535516387232,0.441414601601074,0.427766681515666,0.245629671754998,0.167532003293657,0.0289119388359255,0.430954243002822,0.191994848824479,0.168437906251247,2.01519689901043,0.19125906556175,5.31799937300326,0.675952767931638,0.893349698401289,0.0730164158477839,0.0405737260775845,0.0277440376749242,0.273439303008386,0.189669081715297,0.0484151494939782,0.667035257796194,0.201834040667668,0.417878898198317,0.402281272033797,0.471693605214022,0.666124929637594,1.79763095507006,0.577665797570992,1.26283875880473,0.272092988507408,0.25780187453537,2.05646369782716,0.0656107934429223,0.0711747011166405,0.0308389982411501
"ml4","ml4",0.250053147860555,0.234250753480778,0.366405845844106,0.375415157924848,0.273293248686698,0.402889003579219,0.696826821644569,0.489338019074679,0.25185863933159,0.510239065192838,0.739980923865548,0.296603532243187,0.783745431362749,0.6003927274287,0.443022538865483,0.0887135028398714,0.132904637931681,0,0.986909536481829,0.278992132708276,0.602444724898914,0.280134828887955,0.36136625022706,1.06926858796864,0.18665564738087,2.12579848748697,0.55643968316069,0.294500230390576,0.102266642697868,0.408234658494469,0.830186352639539,0.182564984110562,0.105260727165446,3.52198356995701,0.268997965753024,0.375919758432609,0.511015738661801,0.246849560456526,0.342344294114525,0.121494422662631,0.596862847143278,0.359611122973333,0.0710452103867686,0.896155383893082,0.0364011724935392,0.562192740486312,0.317758512726424,0.621697317261675,0.275137629662691,0.565200627878814,0.0149232470610811,0.268864045597888,0.185510415890871,1.63036765960695,0.0974578453463635,0.0911064988065452,0.20991675642793,0.957530106151962,0.167692805823348,0.0917717885909087,1.385285188091,0.0810973199266373,0.78252529594796,0.273774251210596,0.154023695375401,0.271394803915503,1.42431253028401,1.03447758606969,5.31318825804804,0.0796910786901443,0.0395588591116887,0.0709840297782091,0.164656181097939,0.166406685888569,0.0390611693789363,0.358049476277877,0.189978235039896,0.212714020876352,0.800439231974836,1.72163735450935,0.680219321612057,0.443365203565765,0.117764584500865,1.64264881242618,1.68312054361086,0.109596344009979,0.629750562587624,0.0228967323604699,0.0468631444719916,0.0115833605627123
"ml5","ml5",0.370891841647442,0.448457060585859,0.287535785334186,0.808369388173562,0.157747624620814,0.428416302095254,0.294690358427365,0.380548441136776,0.106895332828689,0.161027443846717,0.20932258078336,0.354600405916888,0.508529198294847,0.113252975586337,0.231590099973528,0.192006279737489,0.164964368771344,0.00187254482423605,0.568449718789299,0.737003876505686,0.986056685579241,0.383472557118157,0.29392364561051,1.29387324147172,0.182224481302367,1.01565865917486,0.428931981167554,0.300210344753636,0.0435415137253146,0.539245736928556,0.31851784900363,0.2067975561544,0.230550814822267,0.393542562666975,0.377442671025481,0.166546180082373,0.131763192110562,0.0600270314620185,0.267045580932487,0.688291015250075,0.325564122598024,0.321316095579459,0.320773108959022,0.441395052150618,0.0251795378220758,0.29544391979981,0.101717842641228,0.754077772243073,0.353017090919575,0.202803529994868,0.115300247124223,0.217744498876427,0.201170857303182,0.458267305715537,0.122031402569474,0.0522252860571484,0.363979539993045,0.487532342554391,0.349018815442325,0.0537021216954355,0.159900715953659,0.205462323932017,0.54872777217503,0.128072609557498,0.309275958989752,0.115447906111892,0.0873674632656086,0.996766637470756,1.08348332336996,0.0647606154624998,0.0677057387053784,0.225716547947704,0.130209907931733,0.113032239819373,0.456668756275339,0.231051089015125,0.0424343893369832,0.250152418388372,0.428930571513069,0.231974828207674,0.814498719754148,0.208212709145631,0.158820076617318,0.649895775278175,0.185358546088453,0.167138411681146,0.369111153917539,0.0553333097706736,0.26600982558321,0.0958472569761068
"ml6","ml6",0.695756741840643,0.181673715987746,0.754440873297074,0.52687555735447,0.846687319174317,0.566035864210517,0.775829524820437,1.44376242023237,1.17090444427117,0.725358501467687,0.231441441885335,4.11166914098601,0.736035506571882,0.319891072601169,0.113159951145226,0.473470129053011,0.24996327255889,0.211491085626678,1.35834546679837,0.460162923937662,2.24085258329657,0.352057768312868,0.887988398833028,1.88031078899325,1.2384362043449,0.821790009253085,1.36550448979398,1.0059315838386,0.271494934315788,1.40724024015767,0.803540618840215,0.662532476937913,0.301438418411463,0.718428756372165,0.760053207114702,1.40109233486484,0.539884420560477,0.91291933703305,0.489303359261331,0.080923085393505,0.243394459118021,0.640296350582314,0.30505592800448,0.820960080427686,0.411262976024831,0.482310982846026,0.62489236127291,1.89431075153154,0.785519777882173,0.172416750110543,0.0353122124849596,0.462366779146733,0.807980841846112,0.619929447879761,0.233884796527316,0.196595538898478,0.511119421672567,1.06799512621742,0.911252249093224,0.141736906734471,0.410650568536704,0.80514675700059,0.347241027053393,0.109720682806664,0.457601951694839,0.11539803537566,0.112082427237845,1.82381508691195,0.546290151593753,0.771984909982341,0.466422126106144,0.195783950435751,0.905216854052926,0.551226788268979,0.071826614481337,1.00915744361416,0.33551877075459,0.982230367813544,1.07926188851165,1.20449152861565,3.5237468668201,0.177642713114847,0.430087902495533,0.735936467283694,0.144166681179832,0.713523543496051,3.95469856279234,0.141336849189159,0.480884951073165,0.00361207626911124
"ml7","ml7",0.221312772223937,0.321921056479764,0.844370739990737,1.854123436743,0.214990330007971,0.369142926709119,0.492597539321568,1.04657488116829,4.43858269486102,0.540140791226931,0.373923174451802,1.26000669153511,0.701470665116609,0.237930840252889,4.90328052083047,0.0527410981240184,0.225096884288572,0.0361418181757121,1.10301602151826,0.526588189104548,2.18061670778723,2.47876909640439,0.389763412530873,0.437782438233265,0.335277579358384,0.607378527144311,0.472284372402367,0.185435048831746,0.225203232026053,0.481231267796368,0.414261091729257,0.24787699965832,0.382099701666221,0.363129994657315,0.341904685762787,0.537439911651515,1.46204071466559,1.22041881107193,0.951406486373486,1.58675115220816,0.850697025470189,1.395369390832,0.562457143318034,0.498372482258813,0.118846844126824,0.523729331835305,0.31907833433181,0.77242505777419,0.332200807681669,0.599511039127096,0.111344879945936,0.793030540759412,0.479968657065605,0.273225534769461,0.00893848866850702,0.286863800704015,0.313138785867391,1.26172368437703,0.904195887509865,0.234943995799687,0.421977048027406,0.200725136457132,0.551300551979329,0.0949271734843875,1.56089906612241,0.256503100998573,0.25675551770654,1.51408203857556,5.49607179214424,0.195247540309668,0.185939497424057,0.189003281458314,0.322761194689329,0.230229541189995,0.0704198168729998,1.16208252747258,0.173750350829039,0.50513502139552,0.536930350648898,0.289109019537734,0.66538983738099,0.316934974345029,0.192639325452886,0.686275060276937,0.288635023593624,0.528399369704092,0.477606697179177,0.222466726987516,0.276446721154722,0.0617810079170594
"ml8","ml8",0.384831443273044,0.242076565081735,0.956883799683501,3.07624313273983,0.640707525087593,0.448553200424077,0.356207735054008,0.850436756768793,0.699865496251696,0.431759514495014,0.621677191296573,0.402255699180598,0.364814195792276,0.391400816624657,2.33564681386473,0.254631338142514,0.0946880619609069,0.271045464208503,0.584400326652049,0.61886974348469,0.267632143192275,0.395049958230807,0.663589676847916,0.469196228064268,0.901129123265138,0.7163692539953,0.612232043534516,0.27053540190036,0.169068517203965,0.614392110558719,0.821084412392901,0.236679614082722,0.228035709767988,0.247240632580429,0.101987082971023,0.4633170925508,0.255490860588393,0.298062422849605,0.874904865622754,0.102057456849778,0.867959080284515,0.21267736223837,0.200990458107383,1.58496396858443,0.430453095259256,0.8207155566254,0.484212652958413,0.973294846049854,0.423764420056053,0.0839414010034345,0.0396182356675146,0.407870733222896,0.865101573687545,0.383270693517917,0.295707458855664,0.107934096323953,0.238454118542963,0.418010305370537,0.345175007756425,0.146788445618563,0.265923558892593,0.128086414289455,0.276546546356092,0.111752830430888,0.21786565802094,0.0987756839696486,0.0764351710630493,0.621740418325837,0.476939626843382,0.21720437827016,0.119658923351976,0.198176502080523,0.282289547867787,0.432926581559939,0.0203739179947279,1.21222905221688,0.207547574293748,1.39966362195442,0.936154954766792,0.146741472167514,0.394152841605961,0.270219719959145,0.115266217182768,0.407956141146678,0.0935505421384024,0.453785840425234,0.967814111337691,0.106418942967756,0.456671900978717,0.377817796125411
"ml9","ml9",0.142523364263006,0.239334045134702,0.815782990003566,0.830185371842825,0.4198157717556,0.838509341636582,0.477956971229984,1.34398622257426,0.406813071169717,0.246793003846612,0.183071739524034,0.691932636321725,0.330193249786796,0.273569235159024,0.0991890803164076,0.33229495071077,0.183080455051272,0.0206201128835645,0.858674359831926,0.526592461871181,0.100401199481623,0.642301046384126,0.270048177463856,0.472049213969878,0.703286428865119,0.615330457335893,0.945244456323331,1.2754413495261,0.190181844966719,0.323695203893415,1.19432243360161,1.0521942696986,0.111086204083641,0.510246337456963,0.415220317942963,0.398747808577703,0.173270862692087,0.119440192507527,0.371947852361165,0.24684807438192,0.478497289904309,0.828533709435802,0.139560830687263,0.969930762276068,0.330564710994527,1.24626650880136,0.231005714519116,0.377178367544508,0.484966361176707,0,0.126635355030638,0.0780632764492735,0.151884272805288,0.30100756092711,0.065800982686631,0.233932340348799,0.284542916385069,0.510629639909534,0.472417857929561,0.0872395072256285,1.4615761471847,0.122814134504288,0.0598913498237124,0.0862439514741613,0.434172232196052,0.20379340725011,1.37934290843562,1.24946065295378,0.12798741372998,0.0349014094733003,0.41201517710937,0.12995932646456,0.207451584401175,0.140318454099212,0.037324316901636,0.460392467449651,0.465770592285922,1.20809939023993,0.0380047299997493,0.786093954409078,0.419958213729505,0.69287754474629,1.11390749100462,0.140308116809085,0.29594295821187,0.41506612891369,0.742883233191846,0.154078255383676,0.181557377998257,0.0508440455627004
"ra1","ra1",5.45601055623975,1.33978266893775,1.64711224608554,1.0563958667422,0.970163035842751,0.392473127424964,4.62550531468515,0.525770483924386,10.2120694870079,1.46416415940694,1.92937710639342,0.580897541907483,1.69308536481866,1.03634514894425,0.907668770091137,1.6133169568463,2.81690496711382,1.31060965110152,0.487151438394232,0.637187042239053,0.352010907804292,7.17143686074797,1.27635830206738,0.833563446488302,2.31407515529754,0.381820347676382,2.36504587939574,3.65370719377448,0.30738232565392,2.08252284465606,1.08749434388053,1.30011178661208,0.524218739552337,0.603536690232019,1.01085978597059,1.00616715558323,0.378888403255432,2.26546030843619,2.16316658681839,0.659613798774867,0.895932811604277,1.69785218584819,1.10969621055226,0.75264858955733,1.86078710036756,3.08548734486411,2.43148975512715,3.89997041711161,2.62416434393992,2.94318381840658,1.62028207039642,0.837351027035847,1.0828488473233,1.87293425599512,0.445662224422031,1.51603337121985,1.73369974404831,1.74021427422998,3.9342019146523,0.322462617497864,1.00549342378055,1.43517357547314,0.73467544232152,0.810785061072382,1.43432073110226,0.63852868982475,2.02878319562162,4.07406910759758,1.35867740901284,0.356410878649352,0.18007249305949,0.786265368738308,2.04807973655056,0.992280343766784,0.716354647125559,1.32423858671663,1.60452682786316,1.48934081810943,1.92419790168333,2.89829621774615,0.463575232625062,0.649960352914404,2.19040053146279,0.725298746659171,0.989915027696917,0.866763123476896,3.89979255609663,0.267835237220026,1.11911732272617,0.506137421936491
"ra3","ra3",4.7843350178082,1.44662996658485,2.12822274959974,0.494905791024927,1.24372147031195,1.10738811201508,10.2459874842731,0.597010194045236,7.20927385795096,1.96569896478613,3.40538724399343,9.25323378035634,2.94448193384335,4.12665936723412,0.559145664723042,0.845889969921064,1.67914217862503,0.968793574542293,1.05204058547017,2.45278442966348,0.917818637984333,6.64558181942054,2.19481093441286,1.14311853976074,1.48330496422237,3.33287989733457,6.16611012353524,1.15498414515798,1.14695313863909,4.82934365327245,0.987146552191667,1.09257115869735,0.515174899255402,1.36159441392294,2.28808631398228,2.02052083383211,5.36453710527191,1.66691414234028,2.98639465798735,0.498126826523187,1.05333171719601,1.9747542593456,0.500404682919464,0.942958725121826,3.03351148536981,2.69323718549866,2.70554785582021,3.85914816406613,2.44374461741675,1.20376055830467,1.56453383797295,2.13923819773769,1.12227303431129,3.53233583053254,0.513970981864236,2.00281098492734,1.73058591345745,4.58704010076603,4.26151587908169,0.742449507226312,1.44407738228471,1.11914533857241,0.616608643334974,0.558396075281797,3.98637062295224,1.75754542131257,3.13397445994607,3.05066391752123,1.4360667286234,1.9385108592024,1.86517848995071,1.60125552304196,1.52308427593077,1.97949845060524,3.30166484173599,1.10085016049036,4.77744967729203,7.91863747186534,4.65883783126066,3.19955894856325,1.36117571827986,1.61088736917745,1.07093442670012,1.55431204095671,2.42377067186358,2.26225099586986,1.86993799582226,4.21411877263743,0.529996510866339,0.682222798676167
"ta1","ta1",2.99237018891953,2.53817576957017,3.11242699451268,1.10994701285937,1.2037288679353,0.905269759874617,0.938541788068159,3.32603276579384,0.829789223895255,2.52500119263082,1.13492934434964,0.604171402889578,1.1770987879865,1.25233661816016,1.59283242862348,3.63984104133817,2.10588431186803,0.309970069664772,1.86372734110783,1.17459355282257,2.12228671410553,0.497034935662101,2.16365666911867,1.89416248421451,1.97682946416462,1.50589148924,2.77562448353806,0.669077337746999,0.755913423357627,5.87806829817042,2.85785919874838,5.61374742867937,0.681857774457739,4.0126997769529,1.4107927027357,1.39657255354888,0.492183759570874,1.21955766896074,0.542012040865838,0.700195647556113,4.81586482230174,0.860785479998536,4.60043981241447,1.36621357542552,6.16664992432788,2.13090225283865,2.44633553499131,3.94334553218196,2.46296534377465,0.480309162478633,2.53903079579555,1.56597272766769,1.58936810147788,1.21122081400635,0.875933641385448,0.688558256921521,0.825334059667081,2.58825241875879,2.17926218064279,5.95219104892158,1.35545122224325,1.8132688194108,0.708990152048682,1.46510587955623,1.45515083760618,2.17046534628088,2.11837626466658,1.23855663744696,0.592898879642721,2.37451357056097,1.20728630508079,3.85287947988072,1.30454939764153,1.25459293390874,0.344012033115771,4.39440162299357,3.33807408496384,0.944597773660477,2.57565932480505,3.76244562324902,1.65881970308387,2.24595279781215,0.808031786963309,4.59149420345643,2.01810769417768,2.83841964029834,0.357463694122739,1.74808879735402,1.7505880164035,1.1211408961394
"ta2","ta2",19.9281565443388,5.62649704190465,26.0943530695577,12.4929045137297,5.46175701739017,36.7725385340813,18.1714851919423,19.6344920648339,15.6497271920337,8.92536488138256,7.69380766944486,10.660236722445,16.2864051885821,24.8179484071994,25.1537472541975,37.3769824364384,6.5035014006383,8.03186126571846,13.6189116521707,14.2914200792636,8.30313964257317,7.46249405441533,10.6095586394214,24.7491147517413,31.2370208576029,8.60619810056826,13.6319510005703,21.6847595012603,14.451229232164,12.4828573721103,15.2147555612893,22.5487003947221,6.51857656144775,30.1507447998881,7.91856124982664,8.75870156828549,6.50922524999546,7.11397799592027,14.0782253205281,22.8869656127042,16.5612054795944,12.7362368602461,8.76359211200582,16.6604217309932,10.1715304704652,16.8112692638742,19.1106380570544,15.4514950713337,18.2637034439626,20.0982816972239,11.675689595493,13.2920318794921,13.2887500821984,23.0663618711637,12.9098141233354,8.61391380312951,12.416404085317,18.2488679977174,27.599105544475,4.33657723447161,8.86663769820369,12.4918300085338,5.99494913142737,13.7117476225402,13.0408875980779,7.68342498463526,14.1101798175723,17.7562037094358,9.78610980634338,6.78637374733502,4.33462854700703,7.42927056932144,6.30763067513523,10.1884595915267,22.1674941599851,25.5721248744088,16.4702992955421,11.3474179524268,12.3774637342436,13.9197114412005,13.5996247103147,11.8951474657243,13.2893325094374,22.0304488221692,26.2572859245773,17.3796563768455,20.7115238077459,7.24658584116515,12.7307168892027,15.153387657686
