"","wclim_var","Alainites muticus","Anacaena globulus","Ancylus fluviatilis","Anisus vortex","Anodonta anatina","Anomalopterygella chauviniana","Atherix ibis","Athripsodes cinereus","Baetis lutheri","Baetis rhodani","Bithynia tentaculata","Brachyptera seticornis","Caenis horaria","Caenis luctuosa","Caenis rivulorum","Cheumatopsyche lepida","Cloeon dipterum","Corbicula fluminea","Cyrnus trimaculatus","Dugesia gonocephala","Dugesia tigrina","Ecclisopteryx dalecarlica","Elmis aenea","Elmis maugetii","Epeorus assimilis","Ephemera vulgata","Ephemerella mucronata","Esolus angustatus","Galba truncatula","Gammarus fossarum","Gammarus roeselii","Gammarus tigrinus","Gerris lacustris","Glossiphonia complanata","Glyphotaelius pellucidus","Gomphus vulgatissimus","Graptodytes pictus","Gyraulus albus","Habrophlebia fusca","Haemopis sanguisuga","Halesus digitatus","Halesus radiatus","Halesus tesselatus","Helobdella stagnalis","Hemiclepsis marginata","Hydraena gracilis","Hydropsyche angustipennis","Hydropsyche instabilis","Hydropsyche siltalai","Hyphydrus ovatus","Ilyocoris cimicoides","Isoperla grammatica","Laccophilus hyalinus","Lepidostoma basale","Limnephilus extricatus","Limnephilus flavicornis","Limnephilus lunatus","Limnius volckmari","Limnodrilus claparedeanus","Lithax obscurus","Lymnaea stagnalis","Lype reducta","Molanna angustata","Musculium lacustre","Nais elinguis","Nemoura cinerea","Neureclipsis bimaculata","Odontocerum albicorne","Oecismus monedula","Paratendipes albimanus","Pisidium nitidum","Pisidium subtruncatum","Planorbarius corneus","Planorbis planorbis","Plea minutissima","Polycentropus flavomaculatus","Potamophylax rotundipennis","Potamothrix hammoniensis","Proasellus coxalis","Procloeon bifidum","Psychomyia pusilla","Rhithrogena semicolorata","Rhyacodrilus coccineus","Rhyacophila evoluta","Stictotarsus duodecimpustulatus","Stylodrilus heringianus","Torleya major","Valvata piscinalis","Velia caprai","Viviparus viviparus"
"Bio01_worldclim","Bio01_worldclim",3.28155937906599,2.86953144529413,4.59350185723727,8.01057115395488,2.36652664307068,6.70923314897302,2.31302345548454,7.21439500532165,5.83652959958192,3.99798526940992,4.96640228966334,4.29635728251894,3.12241883518002,4.47378008442605,18.5719639790061,3.15872680766604,7.98593032077389,1.99207837645945,3.94000487895216,5.45543297143117,6.98326672183659,4.20279534419059,3.44094350065849,3.348111826588,5.70762977630487,6.14682992191835,3.22654563960656,3.88555680106555,3.0232668509032,4.05519740707061,3.37479998600693,3.7847896516819,4.31833685190238,6.62719903513989,5.0236662317239,6.07474418506403,6.967165206523,6.41071866541174,2.89356649184997,2.7818702483054,3.30635153782827,6.29824035707897,2.66334863603136,10.4664586758541,7.44077605186006,5.32690538377791,5.94978413244675,5.50109936315667,3.43759111346636,4.86491504200883,2.40667633951322,4.65513554272332,4.82093413554613,9.78472738451522,1.81577069347998,8.96452126390203,6.13084309609325,7.66378170316308,3.81351485114261,7.34288530278629,6.75347593194233,3.97101604266791,2.94467982301889,3.02254652670429,9.24946062844409,7.02148078691197,1.59227874714915,5.61352307247773,2.0238370513187,7.28043892637158,4.54069993622554,3.70523644176333,5.92486066737534,5.37240256430128,7.24667680927318,5.13744677874333,2.71570805248186,3.08619982466466,13.7895428063444,6.97698908228747,5.53455020139399,3.02115663943434,2.68582108718351,3.06849192176231,7.42034810902528,4.46980497929819,3.74056444169738,4.67465295633219,7.99408786866563,7.81262422977322
"Bio010_worldclim","Bio010_worldclim",13.5634283825695,4.15550714514501,4.17035406735634,4.88471436589202,2.64910937171525,6.17262497260585,2.41929573208824,2.95449820347644,6.85955619103171,4.06441712266626,6.55213487009087,6.4575119743282,10.5010503770959,5.85200477483651,3.7430217404513,3.52648784183016,6.40849739783394,2.7246268576824,6.41926234580989,4.48738355423432,5.58981838207721,4.5332934579153,1.63206906828885,2.86349735360126,2.25148450615866,3.60250451562666,4.05584879512892,2.93406109752639,2.43385883029875,3.06770282441865,5.10721747371301,3.532731161992,6.13159245868846,6.55091136918903,2.77630967306005,7.00675952943105,4.13098398104596,5.51468115479539,4.02380916771692,5.63249795167572,10.0150883770184,7.4071674425304,4.32375452620289,5.32608792755159,8.84666922697866,4.96365727548374,5.20064201002601,6.7867905882592,3.01543506041398,3.08867228835838,3.57970743810897,3.03885935090937,5.32596740220739,3.68337532993292,4.00343837092167,5.23147180191039,4.59125758176355,3.50285236679848,3.65032544957868,2.81967515743388,4.66733375827232,5.1149299455016,3.30085946120651,6.75326352863109,6.48548088713809,7.30897687635621,6.45521028177081,8.18503311820226,3.61387056078156,2.8734764800107,2.53651226805365,5.73303140798633,4.74537189868087,10.2516028094934,5.92528871244886,9.62018816324814,7.83045742944836,3.45739738180703,6.12284160626422,5.55367517480936,2.85928656151429,3.60627558542076,4.31629679308978,4.20849324501773,10.3010965633733,5.26168916188715,4.90975427690071,3.79929793447164,14.9624593820352,9.2252275839962
"Bio011_worldclim","Bio011_worldclim",2.32272856657715,7.19282133708229,3.93215234484587,4.57048378123878,4.54515691069855,2.9429184365966,5.23864178329968,8.64169709069072,3.73773503885549,3.10393634480693,3.928529473642,2.28830784292949,3.38163005643464,5.75162734185768,9.21094844666801,4.0136739900982,3.79145704738016,7.87624300763142,5.3006558541974,5.17614899078789,4.05785815712645,5.26120315894099,3.93968522473053,3.64437083851375,6.8948782462884,5.41616737357179,4.12684755734388,2.46229879694453,3.68224639230307,5.95459513428813,6.05087249235493,9.76197971987658,10.3625615013497,4.71394077245143,3.65870729199945,5.6452116176659,7.02397063945974,5.64498281073974,6.46059956370859,4.49908884007948,5.89438633025186,3.23980393230683,5.27954525501195,8.13189026032707,6.45473484725506,4.41885347277504,4.64437098442067,8.81996621673256,4.79256333288518,3.97056434673977,4.18790840137226,2.82773406256702,4.0558801676726,3.47428305125093,3.99272640464026,10.8396295814132,3.38626315243353,7.0166557096555,3.75167104254112,2.61278756973974,7.43061934641056,4.64223175087295,8.4884225466301,5.20926602192598,4.35564612223752,1.74185333073999,4.9046782359964,7.40040169577625,1.84325110005728,7.76578857150437,8.94540023581993,12.4906456820442,9.13140419044966,3.70097313322206,3.40953426804464,3.68904418992382,6.08912133554297,6.57684226521055,6.60599423623374,4.34677198607686,7.04765314363568,4.07023714755353,1.86613202449051,2.86570624187391,8.3167685148295,7.12811190029901,3.05433132856045,7.97680021540639,4.60594839618241,4.27029060199192
"Bio012_worldclim","Bio012_worldclim",2.06704749097416,4.5573869030585,4.60234115215837,5.81707389791213,3.53477308306517,4.17880489365399,5.934621540038,3.09639115353145,5.77898034851939,2.90507993022834,2.99701855104637,2.73220899186439,3.80672283171399,2.82458488805541,2.86204409617838,2.62571899332533,5.88171326720085,4.13170247271331,5.45235652062121,1.67780034249578,2.82823836558476,2.70996030423022,2.85225567999504,3.88890383943484,2.44145323788339,5.58256963995906,4.67462883255722,2.62631446226694,6.010989324553,1.59959594646983,2.06378121695072,3.86942415874053,5.01698616551677,6.19832675835597,4.14411973122555,2.07025132351614,4.62149576043443,6.14364503956612,3.92774434205143,3.85832061411939,5.45842684100439,3.8643647172537,4.20626939824565,4.08726297280771,3.06289107891535,4.22040153050631,6.52925300653071,5.73860085500649,4.97920472651163,3.98963912889484,4.10094639708728,3.50090357674586,3.57067812971984,4.65239548191824,10.5347481142239,1.85218390613004,3.03053012349289,3.1248663983075,6.97793596614424,15.2132369971865,3.25489215393196,4.91422777356702,3.42520250896301,3.85563522499301,6.06651887207068,7.00540752174843,6.68903676914655,3.59067770670573,4.91526673216457,6.31701232235055,5.94471360038823,6.31795105824823,3.48577836783654,5.21732102014913,4.82833230068813,3.89413999947944,2.96460442102405,3.67560116559751,2.3754254300727,10.8957348432287,3.62247107933428,3.12792057340851,5.29230127258478,8.70484028324314,3.43305406869668,4.90935801904927,3.81748401473114,3.76744847053084,4.13716059995245,3.0611458461622
"Bio013_worldclim","Bio013_worldclim",1.82975762221156,4.63873922458496,3.64976427779475,2.89482798106772,6.94456008370353,2.59907483758948,3.5993169447571,1.59162079294245,1.3176757339246,0.843611435440633,1.4989706651765,1.7343965733034,2.75408414708937,2.03179682493578,2.29276916692093,0.884344203657802,1.88772125044414,2.60858468958889,2.24095208659797,2.3981365523363,6.21706941192686,2.9289010930465,2.18174233869242,4.32351732787041,2.84188086124702,3.97627539652172,2.09381768216868,3.37832023079989,3.28872646876844,1.97588676244427,2.84166272995287,1.72665644662217,2.1758318136927,1.70609234740834,8.5183448766441,2.31526669447361,3.32958973079852,2.34460776287101,3.04289074929126,2.95720337209814,1.64638051798213,1.71319746207454,2.05905936091136,2.46099362212768,4.49811782802245,4.02342748511853,3.6199647383708,2.45421613636716,1.44022863843702,8.76892363620882,5.06089123791101,5.89576039564932,5.20541447070352,6.36704150958873,3.49695482122612,2.86892741019244,2.0560817996807,0.762273086936662,1.482588268,1.42709840593173,2.3972599246724,3.00029506868545,3.02495705812565,2.41873625105005,5.21934686586668,2.51413345041607,2.43039328077126,1.34156569897558,1.93896469220863,2.69651504534222,3.80407607331884,4.29946611429351,1.99605710357122,2.46068219916727,2.21647685914363,2.0787154268007,2.92084008672771,5.37339434306114,2.07750689288906,2.40670072723511,3.56640467410049,7.66037501183063,2.00282576539767,1.49833589768717,1.29679186375567,2.06665973893412,5.44064390021191,6.81143631292482,3.75754834272037,2.95874171959187
"Bio014_worldclim","Bio014_worldclim",0.811747938944955,3.072265996949,1.46762696133131,1.09859186911208,1.62122153189099,1.84622798538859,1.40366749196646,1.4876775821854,2.44888828831415,1.43830565865914,1.46748890219671,1.21402024085362,1.42072370361568,1.09899266164586,0.752174407107509,0.743665744512583,2.1477542546667,0.820246155491022,2.30286583409997,0.482785647889321,1.76542841380159,0.869848295543483,0.412804600864476,2.41112984610399,1.20265526033205,0.866304143348457,0.705688831029634,2.52230975748957,1.69844623856706,0.547526692046613,1.4491298354985,2.11724522210848,1.64485191039583,0.633599031315234,0.548405230168778,5.04572503184756,2.39151158612658,1.29073085049193,1.91576015522852,0.818940066281066,0.73843039070443,0.92198188659395,1.55167867493925,1.43706027088397,1.51104010186482,1.33449044396557,0.83554072766533,0.907782534211986,1.05870317647932,1.65762103871313,2.16051882017818,0.648573729995196,2.30662488865812,1.87139410826972,1.03123315588981,2.78368949920493,0.432848927226358,1.17613914856311,1.46727847838578,2.07367200852164,1.39157632939398,2.00551001346143,0.596474124042111,1.37749184548453,0.969414803623087,0.659494899018374,3.0353552869013,0.880888635611801,0.9946008901491,1.364239059702,1.0642629827398,1.17938234115473,0.742473807114924,1.29698574202616,1.67415990325133,1.81761414840483,0.772950727713926,2.80524148095164,1.71111726389158,2.50225287859785,1.74021154242522,2.22841635137095,1.93806323326682,2.90446025942178,1.13790438690304,3.39564061975354,0.918614463177484,0.553467872800562,0.788773239263577,0.734524481245921
"Bio015_worldclim","Bio015_worldclim",5.38169695602816,5.83974724496074,13.235997307012,5.20191158441806,15.6260602194705,5.08083906347994,12.1165892891407,4.16314263807321,4.42933580729031,5.26631158687926,6.32934454242917,4.64018037875723,5.79571340597438,4.84634522789528,2.48313679089151,6.31993515202572,5.09293375110238,3.76720572798266,9.44092722079582,4.05364349946924,6.92074948246319,5.90469398808698,5.24098853384791,13.619772776478,3.22100623960135,5.96649265372294,4.38118166706717,7.47172369495177,16.4298783246957,4.6942042530304,23.4240774965372,4.21142535067376,26.3506429199656,10.2915775035828,13.977789186459,9.36414741257126,8.55047053070826,4.83801843308374,5.57747650803772,10.6998988197157,17.2625196246172,4.43603471300989,10.5316189085122,7.44069006771222,6.0413585956009,6.87291799302893,8.90103335494889,3.95151043739629,5.52597370998325,19.8431693472971,13.4834533283793,19.0519280321389,9.33642556284916,7.60625160408933,7.07869143760762,13.4336845645868,3.48524328580025,6.42604799410306,6.93029552187087,3.53790637103552,6.67208841045675,18.537756628405,8.23508523549647,4.57593595319622,3.98095764703169,7.45092669336767,5.41390572994337,9.41127219857659,6.19005287251429,15.3707894842503,8.91206728396207,9.81057430394571,7.73251692578817,10.6521305151682,23.8803436969523,13.192737524155,2.98234797761164,12.8431660043784,7.70396624802094,13.0625427353096,13.5367659701498,5.03972870104278,11.6292712372969,4.56628930311233,9.05246687944867,11.9257748076208,11.3223988139451,7.71680494272472,7.48233848473784,6.53504985209511
"Bio016_worldclim","Bio016_worldclim",6.15105660648136,4.80601912812662,3.62196239630862,6.71668278993378,3.24842005037589,1.75649003869246,3.67060744976286,2.50808989703084,1.90695173617393,2.3203266736875,4.28496019091012,3.78955297038725,4.17795505976517,3.92468964808474,1.71924661917503,1.70321627723852,7.38945807844897,10.7707303624561,1.78954706114023,1.21196890454209,3.47186355119236,7.35283758861723,4.28055086250339,2.28686478265605,2.01686297842488,11.3566050760058,2.68113831441983,2.68987614852967,2.23960882225388,1.22414327252396,1.68669501576615,5.00792002421523,2.58694014596899,3.34745180301269,2.07158712306213,2.24052471201986,6.57439567698733,3.2880517903911,3.5474539378389,1.8074188110966,1.62507744666952,2.5170461645487,2.02025974756308,1.66743590581989,4.70754335413187,3.25821508059239,2.63892906426884,6.92545781411865,2.47308621657712,3.08178978508796,9.24092000719034,3.34838102632598,4.89750787245007,4.4713903818909,5.77556438348185,2.63082906476796,1.5041104451679,3.22454868809777,3.75578873177084,1.01963146375677,4.05959169452573,2.20670216032577,4.78964632246474,2.9457282031796,4.66672208959377,2.94592880485619,2.80944517099567,1.96491338126216,7.73702929211883,2.15831924263974,3.13333520310857,3.69761905236854,2.40247317772613,3.63727896610314,3.43410241684102,8.98306329471311,2.78607700298873,5.4817630305835,1.53233552124319,4.33500905202275,1.85185416691321,3.13990478135742,5.32932074003052,3.94231618033199,3.24023255401822,3.75144940728856,1.78975428530531,9.60442591684352,1.99621365302451,2.81728724213184
"Bio017_worldclim","Bio017_worldclim",1.99304444902227,3.0304843754737,4.04246469281226,1.20396566256858,2.63600131073558,2.15210830901023,1.85593771301285,1.48578983020013,2.37810019120706,1.42647753910908,2.07114252795532,2.81410729651007,1.67390071912835,3.35227230288808,1.56331244734518,0.903690177655599,1.33397149983025,1.65587174775866,2.80232690984495,2.26990668104859,6.11132751619013,1.63657035954253,2.6751831119773,2.37143372115563,3.84627189076931,4.27078069916621,1.86790617674194,1.88225678180911,1.35258493607472,1.0415440261046,3.14105698200198,2.36040451379116,1.77115970231554,1.47666869444581,4.11284411387902,4.84894584978249,2.45364530319139,2.70254489003956,3.38048251713773,1.62569837871066,5.49041110823584,1.27394915594555,2.73459195210473,1.66410414146446,1.71320810277664,2.38140319172276,1.90308311795957,1.79958557188584,1.57913476225988,0.947731583798621,1.39762346120741,2.24527150574509,2.98180888261122,1.50024839222586,2.54353369734016,1.64825894933733,1.34810975145619,1.52793775604707,2.85955626347681,6.36795369403926,3.60111434185389,2.65042380968426,4.1102988166213,3.46536922519966,2.82860138455096,1.69396578500008,7.22632638328622,2.27430489714287,3.78102766342377,2.50017977368494,2.42626805314571,2.94612159625923,3.00342383837765,1.76702179993685,2.16514999116862,7.24949544895149,1.66805464792808,3.57214570156333,2.30389211076808,3.02385449162962,2.65698485466991,1.42349044742525,5.49328510634811,2.91204630213207,1.96352909484271,2.64419293487714,1.48319336685473,1.00393188488309,1.28883583223578,3.93714736481833
"Bio018_worldclim","Bio018_worldclim",7.42205822920445,3.49023541915584,2.48186171401719,8.25211925953629,2.94602125621591,3.01856760659394,3.76325160693194,6.57619474994366,2.14184489762263,6.996311963947,5.9141598564675,2.89074261726134,9.41393386992827,2.84670011604034,1.72437486844444,3.27654901384782,6.00709634896499,4.93304436616254,2.93160414300675,5.63645338036168,4.90864067555763,3.46349563064195,8.40506498325059,6.97591215754068,5.99309001134273,4.773204832331,4.49432369066435,2.71834237226092,2.96577894624569,4.92290427907616,3.01478523604392,4.35501974337937,3.15902378202502,4.5266404889821,4.38858260099763,5.0665032751975,10.4965859258493,9.94106859599792,2.77023129741101,2.30778528931852,7.83174142828557,7.15502117149287,5.50358499687663,2.67172840526331,4.46614733275483,5.82022322318746,5.87269413974736,3.29028165805398,7.55748726343728,8.37087790075465,12.9525246252112,11.8647632130402,8.49411148585301,7.13150110736246,12.1486334893806,2.61548768814502,7.7020236151977,4.68700205729119,1.72013318222958,1.64441345982828,4.36127173244047,3.12394426139068,3.66104084718729,3.30010794011973,4.5585695370516,7.78425658475643,3.06025579134984,1.40373371718719,7.0445494402711,3.40023492657133,3.13880086432633,3.06804644388072,4.21671480340312,5.88391685276816,10.0510070753111,3.21395509988337,6.97270142794248,3.40185122928084,4.19917257675197,3.30065374665948,3.55070363123501,3.282825913275,1.58945224729247,6.03923958447941,1.23195469504631,4.33722221948019,5.09807232991847,10.9075916745441,4.82945219558067,5.30934660110684
"Bio019_worldclim","Bio019_worldclim",3.9284570028979,6.41241578344709,3.93719276272041,6.12295527518161,4.68633234459717,2.81561014422824,2.62120847103091,5.22934468128311,1.78508220712522,5.90908642792054,6.54436449946,2.10237789299769,8.99614013924116,2.34080302326919,1.06525946333118,0.999781559795242,4.27243898354648,3.49790984608188,3.45658092403161,2.01566988754885,2.57801365989608,4.58279528973237,2.33034111410376,7.28609981255602,1.60927549395174,6.39335755831548,2.68692235374105,3.67205323514363,4.44859508618609,2.8692824065009,3.48296681518998,2.81367739744064,2.25597197452721,2.27703996748651,3.17070802141301,2.64234734165383,2.6048080036286,4.22822449127412,3.81892285583362,2.74001527132239,1.79745083159203,2.88087128406258,3.39652854261935,3.79161493635294,2.10385530137022,4.68169582101516,2.45660993375476,3.98391608490446,5.53563868359742,2.68951069403458,3.36453160760869,2.67100719153453,2.97972938529682,3.20057779034137,3.28286967341736,2.16368386710763,2.19778795563811,1.46201058500693,8.0523472091768,9.55760412547792,4.4235377052663,3.51764073520862,3.68887716712908,5.23046002051988,3.46348534888959,4.62390315951763,2.76599111175975,2.30645232666412,2.5143560386903,2.52479176559305,4.42268010149276,2.17586891414974,3.60344760544397,1.50789757620648,1.61439982756886,2.60942141103858,1.90163498487988,4.88787775492442,2.20393985656188,12.8142383806137,2.48915576571843,6.04537753369586,3.28058442348212,4.64216064861926,2.26336746971519,2.39945282742842,6.2226024665451,2.38423572316408,2.33721620713184,6.07578701967863
"Bio02_worldclim","Bio02_worldclim",16.6153383558979,5.24805475488663,6.04642124492935,5.74570923507682,7.80680265896123,10.6010509998532,7.59371244188924,5.76176811199542,6.33710181400066,1.87152531722477,4.18280050349035,7.75392076707125,6.31560739365963,8.12894134234175,6.426985636489,10.4819122850457,6.81543631428427,6.26422302318634,9.66754013640294,5.53413864838095,7.41634092530667,6.10467517429456,7.47645056270118,3.78085384849256,4.37265651703367,4.31671331636628,4.66706513136563,5.7258139978192,7.29374368034772,2.61419557911454,7.7344464963609,10.6945508308072,4.72459036645543,12.999422541894,3.15871960264346,11.0365882784809,8.51367044652241,6.83593451096841,6.76786452834553,5.3236741284134,5.95515865960464,10.2643627037174,7.64552807889828,3.03907070883353,11.0766070979914,4.04914200328112,6.55869583753988,7.74018550344617,6.44238483001537,5.36283020581212,15.3879918004074,7.14993510867845,5.29671424600701,4.83157456258281,9.50460618735375,4.47995328619034,3.04662444925237,11.2102613633432,6.02825530907547,5.49082308825147,5.09214544927506,7.50014621152062,3.56349253371337,13.3716908309831,6.57202313660424,7.21595211202313,28.8466172792443,8.72929648826417,6.75746145527382,10.5200158790716,4.98137794487433,5.93838707173119,7.09770984587833,7.58846096135625,9.8275716893076,5.0138184605878,5.67713395610722,4.41926172066668,5.31544850233364,4.30779400697376,3.97987254433155,6.52539972564933,4.43715581102392,15.7113907138023,9.95728676347141,10.0863058139182,8.18235478958195,7.75451813578587,11.1782198973694,9.98362737531327
"Bio03_worldclim","Bio03_worldclim",10.0045848174899,6.84115466761204,6.65427282732869,8.23011545873656,4.93114206485539,12.0923388522072,15.4950903662538,5.96967529728219,12.1857381815327,5.08732329150445,4.34067778606198,7.33785479943275,5.01606667484412,4.13650948025896,8.41740891970881,5.21614939886391,3.64892181539629,21.8482715652802,8.28669123983699,4.81588127686977,9.20352608499385,12.5217262632133,5.14648266269583,4.39850786781168,4.88847800314462,3.90967191772354,9.11164184571401,8.93269494904912,8.49862282957338,3.40630858180427,3.80693798892446,7.6661834269396,3.53765495521013,4.4961700726443,4.63659183901443,8.6256348526581,5.55452729863788,2.85586868437128,4.43887459521407,5.03031489729424,4.62887024980642,3.96698930605043,5.78745861876676,7.2823697423803,4.97225294280183,6.38828438331675,3.42437023938482,9.80054400141911,15.0939666791752,3.03757519652545,3.8244873449886,10.0769377176212,7.50168684563761,4.58755757401089,2.26122960316082,2.19948058922246,2.59811972571999,5.95620462653353,4.47073229044842,2.12456114576255,4.70397780458827,5.95591296763277,2.71173638241174,3.68543050774379,3.31691598834189,5.64732879181074,6.1919361657512,11.8298854876083,4.47389947995238,6.81691573781238,5.36230957264068,3.79411277354443,3.44958568654836,3.78516206412917,2.46802882151307,7.2622873015352,4.52141270322094,4.6348339809557,8.02747924186615,3.23007052421441,6.17886292239621,5.579962126234,6.16422485751584,11.1641205932781,7.24325826790722,6.72122376227367,9.77128673452185,3.5920949857105,10.3771560488954,7.73409520328049
"Bio04_worldclim","Bio04_worldclim",5.8516881923176,13.996933102914,13.0198832135044,4.30506151365842,9.47869057509107,8.66820823162395,7.25421502303435,16.9868919248732,20.8686467664234,15.6922711919191,13.9317438231018,8.72035240234477,8.30686693273952,15.8376865528589,9.40330428476339,24.1547103851803,7.31211358286357,5.81042605320793,7.85893494721853,26.4782920109242,3.30310647331468,18.1196009866707,15.5836121153801,16.4813828263126,8.93010524716817,10.0321184298358,5.38038951443843,15.2415886784174,11.928530910984,29.4896099333896,7.08112926867412,12.0452097399288,4.74802218435505,7.28379719058375,9.5883039309976,7.81375314040585,5.41061353059829,4.81051673693504,9.26379983422838,16.9245049650071,6.82914306159664,9.47047181436081,8.87014804148412,6.70083082073104,7.73008288518784,6.7909752524217,8.94056714021281,4.95283202037555,10.0568332475663,5.53871092881316,3.4814966665075,6.87125817073447,9.11187621880155,19.6232193258582,4.60667044391893,3.54405131751697,7.2190907456363,15.3290041499635,7.13381315878018,15.9252497309474,8.35009157057735,7.60105240072026,14.4764584438416,10.7545175348913,8.3377966926817,4.90955140224698,4.24207648991995,5.98509124244514,5.40372859921431,3.15252148165386,6.99713817833368,7.76510650778593,6.05110493090196,4.26790311775907,5.91234576485718,7.28829152144821,25.5977328433457,9.49177097656567,6.46308795934401,9.36250694446561,13.0760699794188,10.9943717590623,9.86647982741089,6.34744295237275,10.7839677403334,4.46412389503113,9.49014714526767,3.24418959755142,5.04416533853318,5.32859218123023
"Bio05_worldclim","Bio05_worldclim",4.54360171861961,1.53147695618164,0.727585329254577,1.91725219665461,3.3556239878897,1.45005809350229,1.36525483265952,2.37076773492009,1.91796070843016,1.09217518188416,0.767691031351549,5.59726835727439,4.60424166539479,1.84811313037875,2.23204654933242,0.974847699288474,1.96157980551433,3.2651319602524,1.68509773981778,0.634789505413699,2.42541126254419,1.32668513023649,0.9860250228498,0.749632426075745,0.946454461912174,1.27363024423317,1.57762166480608,0.856505600384248,1.77164397088064,0.591282876832133,1.78397149300774,2.57540139089998,0.461234809222761,1.21328075290891,0.91879917581168,0.512203089906706,1.6766845386377,2.95487520527061,1.41567059526383,0.676965457485296,1.09488167419758,1.83745174647894,2.4362120176446,1.58809761422529,1.54950058342706,0.689791573745376,2.25994707021816,5.81449078857288,1.00436904658326,0.528271093322044,0.609812798097838,0.821308350861548,1.39290859971928,1.24819055893009,1.2594643184824,1.27187820797667,1.04064849716709,1.85012400702344,2.86839145399062,0.892480213375458,0.81741154596023,2.62189216830663,0.648058926755005,0.566067320306376,1.73380384408715,1.300333905008,1.68469451963835,2.02525456880079,0.747544628106475,4.74825154169583,0.953570672624646,1.43506537171192,0.882515214191136,1.20812291415723,1.30385410188357,1.6646325130416,1.45422298151207,1.39631261666207,1.06901481618265,1.42601101458573,1.46120691661473,1.00003305744038,3.27578276063799,1.21416772564583,1.28483206173841,1.68316746643552,1.27780678086868,1.01668341408678,0.585220042747215,2.7757493611241
"Bio06_worldclim","Bio06_worldclim",0.905626187496708,0.642107051806714,1.88315368966352,1.4603150140336,0.873267516109418,1.0708861484831,2.27784343968588,2.9756121499549,1.68434218316534,4.01800491599187,2.70401207401264,0.430346181319406,1.50205084363229,1.07192183636362,1.62672383964377,12.4184603193958,1.14421404666031,1.09300456759323,1.84253361597758,1.8324174077383,1.13595469801758,1.26062776830759,1.15897295392316,1.79847606945443,2.3317201697801,0.993236296000163,1.62786698909435,1.44901812448484,1.20164024233255,4.15188706076177,2.05705875087168,1.82314624942314,1.83760523133208,2.50402165473407,0.724375002448892,4.30797096565792,1.08642533613206,2.11664506352368,2.73136230081155,0.918905400560884,1.58838769849959,0.840425257524345,1.74524468012826,4.74093822838097,2.26510283070507,1.89081067159761,0.896008780101137,1.36066600001736,1.16334628600636,1.37171607582819,0.941698890895376,0.540893125791438,1.73834464620946,0.771050362667657,0.437529080902424,2.46767051987235,2.64989567477272,1.59986890088179,2.37311905566328,0.716965188715448,2.24108348010794,1.37620080334115,1.3727092766146,5.16437506659472,3.48756156195056,0.886251400130795,0.7649069048015,4.25853463922257,0.625583319878222,1.36933991098543,2.93559677152989,1.82529120596227,3.02689654599626,2.58943554628154,1.05379159496158,1.48194982350245,1.14138263158983,1.93580826363681,1.37807085486176,1.46441015584019,3.64069203119893,0.867495137468671,0.464717082942052,0.454602637125092,1.18120538116497,0.778027681155386,1.83961983212068,1.15865456334327,1.80450081711165,1.8994223070736
"Bio07_worldclim","Bio07_worldclim",2.244841571705,3.04867666788493,4.44380858945091,6.45971842730874,5.20532426918694,5.33465392235962,4.50429457802659,9.99556087494105,4.75140700840575,20.6597603139263,13.0385533484085,9.35654520596717,5.75730160628684,18.0572155711675,3.66129278767836,8.87193285076357,8.90429708126045,2.64347183546852,6.22645709904291,10.4885207735473,5.13941488260299,5.40468410043008,14.2579814892495,9.91304338434815,5.74414274731913,4.91624122237802,17.2298333291954,10.3844557929909,5.18651446323075,13.2641971170113,6.5458644939734,10.0372654852844,3.09702514087459,3.85256584022544,4.27234351393688,3.14934050638835,2.12549927972839,6.73189249958425,7.01167800933959,13.082994581015,7.79505200493557,4.98580046476862,7.77206552310445,13.988957698887,3.35567598830708,11.7369163931847,12.6057786784765,8.3693671926273,12.5348046882377,2.97132908790865,2.37084098301456,1.83880362536578,6.38816892731373,6.195342260122,5.04295013136733,3.88665388016395,12.1722007377929,11.4803785277185,11.7467215491167,6.32518675131166,8.43298895166045,5.0053828875684,8.3525453107788,6.36156639379929,5.39721669838749,3.88109681603005,4.25025742832313,5.13951204325224,2.69678585827595,1.80082810749641,7.84125764735744,5.54531312892362,5.00030858667466,6.08415041536614,1.49504787406169,4.26785916137684,3.50300691159471,7.53613582745344,10.6188583553374,3.74213557301184,5.10282260850764,9.85035543137866,3.46442428890241,9.16349423616795,5.52025714710154,9.04715154211097,9.52560882959188,1.20423569018113,2.07139276689566,1.34164453100807
"Bio08_worldclim","Bio08_worldclim",7.8624655491406,3.72529543438769,13.7589114323453,9.60242268962546,6.30561558661139,8.47750710213426,4.97899481656148,5.53228242793431,5.87228764022818,7.26370662456764,9.97511276879699,21.3727547680352,8.37561662287125,7.19129908188169,5.92686885978966,3.7486239788623,12.4310701188241,9.24037905894947,11.7348229034505,7.25150863788474,13.1773167470882,9.57686989328029,8.15429764974862,6.19367357371528,31.3951824732427,7.35679423733603,20.547964136624,15.6992935599425,3.68765624888447,12.5984723690927,5.25493259631213,5.60800067489277,9.12899221949954,8.10695913966706,3.36646496992996,7.10041389500043,6.97982245407377,17.2657456562317,9.69712873640994,4.39799638296109,5.97414199685064,14.4528382898421,9.30203785158316,7.87339504166392,5.93657644520524,17.1070918207973,5.91089010025721,3.19444443975046,7.93716479988643,3.35779267415893,6.59803891758444,4.97292754693047,8.04646275918145,5.10225555970859,9.48254510178255,6.96119146568188,17.2554263532037,8.37700790298823,11.0452069413434,8.2563391999743,14.116907095573,4.77031369603148,6.83153262298621,9.28049812888386,7.70179820981545,12.6578905610816,5.28597353195511,10.98484908314,30.994999271487,9.01110757070015,8.7718778612485,12.7308684728176,15.4749798349931,8.14251731233044,6.05231760576144,6.44416059124603,6.99590875773988,6.07937771700693,8.31179936512337,5.09126406201938,13.1861295809379,8.79923844345918,3.94138694779159,7.90315722534565,11.2038851548593,7.56418250760951,8.39786966401746,10.0104003133674,7.49064068714847,9.73012801096047
"Bio09_worldclim","Bio09_worldclim",3.21927098335519,14.9011473610485,3.7307441399289,7.50550784408988,11.2393505357556,13.0327972130241,11.5944330243759,5.45859985341974,7.76183565816739,6.04338321022714,4.50489229573819,4.47119345684346,5.07797511540466,4.38471611081382,16.317117097075,5.97757332094683,5.58339503500395,5.05684832605353,6.62083853915478,8.09912132709581,6.76665458847897,2.23873617307881,9.84454852453905,3.66481572129087,3.3647718780951,8.85050252563951,4.86276784829291,5.46751591812384,12.8576674329169,1.93146347801955,10.0986136318594,6.00896881130226,6.6909758667022,11.1943350359727,20.9433378845845,5.13366829827853,9.50813477091643,4.08124715845265,17.3146838142814,13.9159065245399,5.06810022031924,12.4739821303594,12.171065189372,5.641012958733,12.2678594048436,4.04479700048165,10.8518369436698,8.60826279369788,4.37208373848095,16.5583599457348,4.84993093473641,7.97961872664196,6.54875537356204,3.89762365473409,11.7008408914224,20.1567531366776,18.1528940825045,3.62303502757738,9.87232527726459,6.65153012592413,7.23263277309104,11.4844206751081,15.7779225920135,8.66131347579348,11.6086796816338,12.7512671189797,2.35066089129617,6.67480999868456,5.70319105411377,8.32923417256362,13.2880547488094,5.54191211142884,12.0323769690487,14.586034490078,5.44157068696214,5.09117914192005,11.5047011206,9.34501871502965,8.19050635590927,2.15738462041864,4.91830182550397,13.7374356334925,22.9624744933122,2.68924404858128,3.16779328376922,7.36646071554923,3.71789253618203,12.8191293953478,7.2686701997687,8.4695684874177
